role,policy_id,vector_hash,budget_group,display_role,paper_role,borough,category,borough_budget_share,inspection_priority_weight,per_review_retention_probability
borough_balanced,candidate_d100_delay_median_cap1_borough_500e7870e139a8dc,c088e7e14e7fcbbb27edc17239a52daaa7617d1af15dbd8a1b374b47c2e7df82,borough,balanced,Balanced,Bronx,Hazard,0.09159239337747935,0.36701455567126967,0.247645774118229
borough_balanced,candidate_d100_delay_median_cap1_borough_500e7870e139a8dc,c088e7e14e7fcbbb27edc17239a52daaa7617d1af15dbd8a1b374b47c2e7df82,borough,balanced,Balanced,Bronx,Illegal Tree Damage,0.09159239337747935,0.29320058215977024,0.7538517992772995
borough_balanced,candidate_d100_delay_median_cap1_borough_500e7870e139a8dc,c088e7e14e7fcbbb27edc17239a52daaa7617d1af15dbd8a1b374b47c2e7df82,borough,balanced,Balanced,Bronx,Other,0.09159239337747935,0.26872442856019574,0.42122957074810874
borough_balanced,candidate_d100_delay_median_cap1_borough_500e7870e139a8dc,c088e7e14e7fcbbb27edc17239a52daaa7617d1af15dbd8a1b374b47c2e7df82,borough,balanced,Balanced,Bronx,Prune,0.09159239337747935,0.00018350727783563483,0.1798625834950812
borough_balanced,candidate_d100_delay_median_cap1_borough_500e7870e139a8dc,c088e7e14e7fcbbb27edc17239a52daaa7617d1af15dbd8a1b374b47c2e7df82,borough,balanced,Balanced,Bronx,Remove Tree,0.09159239337747935,0.07069341905309295,0.33146196696681035
borough_balanced,candidate_d100_delay_median_cap1_borough_500e7870e139a8dc,c088e7e14e7fcbbb27edc17239a52daaa7617d1af15dbd8a1b374b47c2e7df82,borough,balanced,Balanced,Bronx,Root/Sewer/Sidewalk,0.09159239337747935,0.00018350727783563483,0.1
borough_balanced,candidate_d100_delay_median_cap1_borough_500e7870e139a8dc,c088e7e14e7fcbbb27edc17239a52daaa7617d1af15dbd8a1b374b47c2e7df82,borough,balanced,Balanced,Brooklyn,Hazard,0.3103773295251716,0.20661206224004572,0.1
borough_balanced,candidate_d100_delay_median_cap1_borough_500e7870e139a8dc,c088e7e14e7fcbbb27edc17239a52daaa7617d1af15dbd8a1b374b47c2e7df82,borough,balanced,Balanced,Brooklyn,Illegal Tree Damage,0.3103773295251716,0.4520287421821372,0.38434761803596607
borough_balanced,candidate_d100_delay_median_cap1_borough_500e7870e139a8dc,c088e7e14e7fcbbb27edc17239a52daaa7617d1af15dbd8a1b374b47c2e7df82,borough,balanced,Balanced,Brooklyn,Other,0.3103773295251716,0.3040241428836558,1.0
borough_balanced,candidate_d100_delay_median_cap1_borough_500e7870e139a8dc,c088e7e14e7fcbbb27edc17239a52daaa7617d1af15dbd8a1b374b47c2e7df82,borough,balanced,Balanced,Brooklyn,Prune,0.3103773295251716,0.0002501699507983149,0.1
borough_balanced,candidate_d100_delay_median_cap1_borough_500e7870e139a8dc,c088e7e14e7fcbbb27edc17239a52daaa7617d1af15dbd8a1b374b47c2e7df82,borough,balanced,Balanced,Brooklyn,Remove Tree,0.3103773295251716,0.0368347127925647,0.2316597491888785
borough_balanced,candidate_d100_delay_median_cap1_borough_500e7870e139a8dc,c088e7e14e7fcbbb27edc17239a52daaa7617d1af15dbd8a1b374b47c2e7df82,borough,balanced,Balanced,Brooklyn,Root/Sewer/Sidewalk,0.3103773295251716,0.0002501699507983149,0.1
borough_balanced,candidate_d100_delay_median_cap1_borough_500e7870e139a8dc,c088e7e14e7fcbbb27edc17239a52daaa7617d1af15dbd8a1b374b47c2e7df82,borough,balanced,Balanced,Manhattan,Hazard,0.09087765933246819,0.17863781573396684,0.5931379387465107
borough_balanced,candidate_d100_delay_median_cap1_borough_500e7870e139a8dc,c088e7e14e7fcbbb27edc17239a52daaa7617d1af15dbd8a1b374b47c2e7df82,borough,balanced,Balanced,Manhattan,Illegal Tree Damage,0.09087765933246819,0.24918107912270335,1.0
borough_balanced,candidate_d100_delay_median_cap1_borough_500e7870e139a8dc,c088e7e14e7fcbbb27edc17239a52daaa7617d1af15dbd8a1b374b47c2e7df82,borough,balanced,Balanced,Manhattan,Other,0.09087765933246819,0.14759751637548696,1.0
borough_balanced,candidate_d100_delay_median_cap1_borough_500e7870e139a8dc,c088e7e14e7fcbbb27edc17239a52daaa7617d1af15dbd8a1b374b47c2e7df82,borough,balanced,Balanced,Manhattan,Prune,0.09087765933246819,0.0002502742962645077,0.34842801218614117
borough_balanced,candidate_d100_delay_median_cap1_borough_500e7870e139a8dc,c088e7e14e7fcbbb27edc17239a52daaa7617d1af15dbd8a1b374b47c2e7df82,borough,balanced,Balanced,Manhattan,Remove Tree,0.09087765933246819,0.13614984886573847,0.192488201877753
borough_balanced,candidate_d100_delay_median_cap1_borough_500e7870e139a8dc,c088e7e14e7fcbbb27edc17239a52daaa7617d1af15dbd8a1b374b47c2e7df82,borough,balanced,Balanced,Manhattan,Root/Sewer/Sidewalk,0.09087765933246819,0.28818346560583985,0.30733985965072186
borough_balanced,candidate_d100_delay_median_cap1_borough_500e7870e139a8dc,c088e7e14e7fcbbb27edc17239a52daaa7617d1af15dbd8a1b374b47c2e7df82,borough,balanced,Balanced,Queens,Hazard,0.3857913456860369,0.4674458089026958,1.0
borough_balanced,candidate_d100_delay_median_cap1_borough_500e7870e139a8dc,c088e7e14e7fcbbb27edc17239a52daaa7617d1af15dbd8a1b374b47c2e7df82,borough,balanced,Balanced,Queens,Illegal Tree Damage,0.3857913456860369,0.3075638008106636,0.1
borough_balanced,candidate_d100_delay_median_cap1_borough_500e7870e139a8dc,c088e7e14e7fcbbb27edc17239a52daaa7617d1af15dbd8a1b374b47c2e7df82,borough,balanced,Balanced,Queens,Other,0.3857913456860369,0.07461768790286842,0.2476650324003075
borough_balanced,candidate_d100_delay_median_cap1_borough_500e7870e139a8dc,c088e7e14e7fcbbb27edc17239a52daaa7617d1af15dbd8a1b374b47c2e7df82,borough,balanced,Balanced,Queens,Prune,0.3857913456860369,0.00023372290445134792,0.1
borough_balanced,candidate_d100_delay_median_cap1_borough_500e7870e139a8dc,c088e7e14e7fcbbb27edc17239a52daaa7617d1af15dbd8a1b374b47c2e7df82,borough,balanced,Balanced,Queens,Remove Tree,0.3857913456860369,0.14990525657486942,0.1
borough_balanced,candidate_d100_delay_median_cap1_borough_500e7870e139a8dc,c088e7e14e7fcbbb27edc17239a52daaa7617d1af15dbd8a1b374b47c2e7df82,borough,balanced,Balanced,Queens,Root/Sewer/Sidewalk,0.3857913456860369,0.00023372290445134792,0.2257924416873548
borough_balanced,candidate_d100_delay_median_cap1_borough_500e7870e139a8dc,c088e7e14e7fcbbb27edc17239a52daaa7617d1af15dbd8a1b374b47c2e7df82,borough,balanced,Balanced,Staten Island,Hazard,0.12136127207884397,0.4308587705214009,0.8847599309874169
borough_balanced,candidate_d100_delay_median_cap1_borough_500e7870e139a8dc,c088e7e14e7fcbbb27edc17239a52daaa7617d1af15dbd8a1b374b47c2e7df82,borough,balanced,Balanced,Staten Island,Illegal Tree Damage,0.12136127207884397,0.18056785020020485,0.3623602252153528
borough_balanced,candidate_d100_delay_median_cap1_borough_500e7870e139a8dc,c088e7e14e7fcbbb27edc17239a52daaa7617d1af15dbd8a1b374b47c2e7df82,borough,balanced,Balanced,Staten Island,Other,0.12136127207884397,0.27856932401769163,0.2969721076560083
borough_balanced,candidate_d100_delay_median_cap1_borough_500e7870e139a8dc,c088e7e14e7fcbbb27edc17239a52daaa7617d1af15dbd8a1b374b47c2e7df82,borough,balanced,Balanced,Staten Island,Prune,0.12136127207884397,0.00021898559626109442,0.2217739177878176
borough_balanced,candidate_d100_delay_median_cap1_borough_500e7870e139a8dc,c088e7e14e7fcbbb27edc17239a52daaa7617d1af15dbd8a1b374b47c2e7df82,borough,balanced,Balanced,Staten Island,Remove Tree,0.12136127207884397,0.10956608406818028,0.3259862538031206
borough_balanced,candidate_d100_delay_median_cap1_borough_500e7870e139a8dc,c088e7e14e7fcbbb27edc17239a52daaa7617d1af15dbd8a1b374b47c2e7df82,borough,balanced,Balanced,Staten Island,Root/Sewer/Sidewalk,0.12136127207884397,0.00021898559626109442,0.3052006640105276
borough_most_efficient,candidate_d100_delay_median_cap1_borough_c7df3d1fd0b07964,d75d21eacf056c54fe6739956c16a8a6d4d7fd75e61fbcf2bc8e8a06fcc3a4cb,borough,most_efficient,Most efficient,Bronx,Hazard,0.09296491327587118,0.4500918286351408,0.1
borough_most_efficient,candidate_d100_delay_median_cap1_borough_c7df3d1fd0b07964,d75d21eacf056c54fe6739956c16a8a6d4d7fd75e61fbcf2bc8e8a06fcc3a4cb,borough,most_efficient,Most efficient,Bronx,Illegal Tree Damage,0.09296491327587118,0.16127356646090982,0.6866123024830458
borough_most_efficient,candidate_d100_delay_median_cap1_borough_c7df3d1fd0b07964,d75d21eacf056c54fe6739956c16a8a6d4d7fd75e61fbcf2bc8e8a06fcc3a4cb,borough,most_efficient,Most efficient,Bronx,Other,0.09296491327587118,0.31835166884466437,0.416228819613761
borough_most_efficient,candidate_d100_delay_median_cap1_borough_c7df3d1fd0b07964,d75d21eacf056c54fe6739956c16a8a6d4d7fd75e61fbcf2bc8e8a06fcc3a4cb,borough,most_efficient,Most efficient,Bronx,Prune,0.09296491327587118,0.0002250459143175704,0.1
borough_most_efficient,candidate_d100_delay_median_cap1_borough_c7df3d1fd0b07964,d75d21eacf056c54fe6739956c16a8a6d4d7fd75e61fbcf2bc8e8a06fcc3a4cb,borough,most_efficient,Most efficient,Bronx,Remove Tree,0.09296491327587118,0.06983284423064952,0.3478910598773803
borough_most_efficient,candidate_d100_delay_median_cap1_borough_c7df3d1fd0b07964,d75d21eacf056c54fe6739956c16a8a6d4d7fd75e61fbcf2bc8e8a06fcc3a4cb,borough,most_efficient,Most efficient,Bronx,Root/Sewer/Sidewalk,0.09296491327587118,0.0002250459143175704,0.1
borough_most_efficient,candidate_d100_delay_median_cap1_borough_c7df3d1fd0b07964,d75d21eacf056c54fe6739956c16a8a6d4d7fd75e61fbcf2bc8e8a06fcc3a4cb,borough,most_efficient,Most efficient,Brooklyn,Hazard,0.3223422558845908,0.24425184092490182,0.1
borough_most_efficient,candidate_d100_delay_median_cap1_borough_c7df3d1fd0b07964,d75d21eacf056c54fe6739956c16a8a6d4d7fd75e61fbcf2bc8e8a06fcc3a4cb,borough,most_efficient,Most efficient,Brooklyn,Illegal Tree Damage,0.3223422558845908,0.44472483471833046,0.37996085300772475
borough_most_efficient,candidate_d100_delay_median_cap1_borough_c7df3d1fd0b07964,d75d21eacf056c54fe6739956c16a8a6d4d7fd75e61fbcf2bc8e8a06fcc3a4cb,borough,most_efficient,Most efficient,Brooklyn,Other,0.3223422558845908,0.2588670409536911,0.7806037300612615
borough_most_efficient,candidate_d100_delay_median_cap1_borough_c7df3d1fd0b07964,d75d21eacf056c54fe6739956c16a8a6d4d7fd75e61fbcf2bc8e8a06fcc3a4cb,borough,most_efficient,Most efficient,Brooklyn,Prune,0.3223422558845908,0.00022236241735916525,0.1
borough_most_efficient,candidate_d100_delay_median_cap1_borough_c7df3d1fd0b07964,d75d21eacf056c54fe6739956c16a8a6d4d7fd75e61fbcf2bc8e8a06fcc3a4cb,borough,most_efficient,Most efficient,Brooklyn,Remove Tree,0.3223422558845908,0.051711558568358094,0.54248633220859
borough_most_efficient,candidate_d100_delay_median_cap1_borough_c7df3d1fd0b07964,d75d21eacf056c54fe6739956c16a8a6d4d7fd75e61fbcf2bc8e8a06fcc3a4cb,borough,most_efficient,Most efficient,Brooklyn,Root/Sewer/Sidewalk,0.3223422558845908,0.00022236241735916525,0.11874385461084244
borough_most_efficient,candidate_d100_delay_median_cap1_borough_c7df3d1fd0b07964,d75d21eacf056c54fe6739956c16a8a6d4d7fd75e61fbcf2bc8e8a06fcc3a4cb,borough,most_efficient,Most efficient,Manhattan,Hazard,0.07539833891648613,0.2689213820326469,0.523110163699869
borough_most_efficient,candidate_d100_delay_median_cap1_borough_c7df3d1fd0b07964,d75d21eacf056c54fe6739956c16a8a6d4d7fd75e61fbcf2bc8e8a06fcc3a4cb,borough,most_efficient,Most efficient,Manhattan,Illegal Tree Damage,0.07539833891648613,0.21239238735953914,0.9378558041776802
borough_most_efficient,candidate_d100_delay_median_cap1_borough_c7df3d1fd0b07964,d75d21eacf056c54fe6739956c16a8a6d4d7fd75e61fbcf2bc8e8a06fcc3a4cb,borough,most_efficient,Most efficient,Manhattan,Other,0.07539833891648613,0.10325818803633931,1.0
borough_most_efficient,candidate_d100_delay_median_cap1_borough_c7df3d1fd0b07964,d75d21eacf056c54fe6739956c16a8a6d4d7fd75e61fbcf2bc8e8a06fcc3a4cb,borough,most_efficient,Most efficient,Manhattan,Prune,0.07539833891648613,0.00019714555674117407,0.20486260555859215
borough_most_efficient,candidate_d100_delay_median_cap1_borough_c7df3d1fd0b07964,d75d21eacf056c54fe6739956c16a8a6d4d7fd75e61fbcf2bc8e8a06fcc3a4cb,borough,most_efficient,Most efficient,Manhattan,Remove Tree,0.07539833891648613,0.07357989712897288,0.2793151069229393
borough_most_efficient,candidate_d100_delay_median_cap1_borough_c7df3d1fd0b07964,d75d21eacf056c54fe6739956c16a8a6d4d7fd75e61fbcf2bc8e8a06fcc3a4cb,borough,most_efficient,Most efficient,Manhattan,Root/Sewer/Sidewalk,0.07539833891648613,0.3416509998857606,0.4568336277292696
borough_most_efficient,candidate_d100_delay_median_cap1_borough_c7df3d1fd0b07964,d75d21eacf056c54fe6739956c16a8a6d4d7fd75e61fbcf2bc8e8a06fcc3a4cb,borough,most_efficient,Most efficient,Queens,Hazard,0.37958767350882605,0.4786567512343829,1.0
borough_most_efficient,candidate_d100_delay_median_cap1_borough_c7df3d1fd0b07964,d75d21eacf056c54fe6739956c16a8a6d4d7fd75e61fbcf2bc8e8a06fcc3a4cb,borough,most_efficient,Most efficient,Queens,Illegal Tree Damage,0.37958767350882605,0.2514989012976267,0.2468360426332029
borough_most_efficient,candidate_d100_delay_median_cap1_borough_c7df3d1fd0b07964,d75d21eacf056c54fe6739956c16a8a6d4d7fd75e61fbcf2bc8e8a06fcc3a4cb,borough,most_efficient,Most efficient,Queens,Other,0.37958767350882605,0.08580065852620287,0.24274162277858602
borough_most_efficient,candidate_d100_delay_median_cap1_borough_c7df3d1fd0b07964,d75d21eacf056c54fe6739956c16a8a6d4d7fd75e61fbcf2bc8e8a06fcc3a4cb,borough,most_efficient,Most efficient,Queens,Prune,0.37958767350882605,0.00023932837561719145,0.11363810188686621
borough_most_efficient,candidate_d100_delay_median_cap1_borough_c7df3d1fd0b07964,d75d21eacf056c54fe6739956c16a8a6d4d7fd75e61fbcf2bc8e8a06fcc3a4cb,borough,most_efficient,Most efficient,Queens,Remove Tree,0.37958767350882605,0.1835650321905532,0.1
borough_most_efficient,candidate_d100_delay_median_cap1_borough_c7df3d1fd0b07964,d75d21eacf056c54fe6739956c16a8a6d4d7fd75e61fbcf2bc8e8a06fcc3a4cb,borough,most_efficient,Most efficient,Queens,Root/Sewer/Sidewalk,0.37958767350882605,0.00023932837561719145,0.24218760357321198
borough_most_efficient,candidate_d100_delay_median_cap1_borough_c7df3d1fd0b07964,d75d21eacf056c54fe6739956c16a8a6d4d7fd75e61fbcf2bc8e8a06fcc3a4cb,borough,most_efficient,Most efficient,Staten Island,Hazard,0.1297068184142259,0.5208193463842044,1.0
borough_most_efficient,candidate_d100_delay_median_cap1_borough_c7df3d1fd0b07964,d75d21eacf056c54fe6739956c16a8a6d4d7fd75e61fbcf2bc8e8a06fcc3a4cb,borough,most_efficient,Most efficient,Staten Island,Illegal Tree Damage,0.1297068184142259,0.013787003862854991,0.527360432793924
borough_most_efficient,candidate_d100_delay_median_cap1_borough_c7df3d1fd0b07964,d75d21eacf056c54fe6739956c16a8a6d4d7fd75e61fbcf2bc8e8a06fcc3a4cb,borough,most_efficient,Most efficient,Staten Island,Other,0.1297068184142259,0.26627592577244164,0.6938020815227071
borough_most_efficient,candidate_d100_delay_median_cap1_borough_c7df3d1fd0b07964,d75d21eacf056c54fe6739956c16a8a6d4d7fd75e61fbcf2bc8e8a06fcc3a4cb,borough,most_efficient,Most efficient,Staten Island,Prune,0.1297068184142259,0.00026933255132965804,0.12032309075972698
borough_most_efficient,candidate_d100_delay_median_cap1_borough_c7df3d1fd0b07964,d75d21eacf056c54fe6739956c16a8a6d4d7fd75e61fbcf2bc8e8a06fcc3a4cb,borough,most_efficient,Most efficient,Staten Island,Remove Tree,0.1297068184142259,0.19857905887783991,0.3988821945695183
borough_most_efficient,candidate_d100_delay_median_cap1_borough_c7df3d1fd0b07964,d75d21eacf056c54fe6739956c16a8a6d4d7fd75e61fbcf2bc8e8a06fcc3a4cb,borough,most_efficient,Most efficient,Staten Island,Root/Sewer/Sidewalk,0.1297068184142259,0.00026933255132965804,0.18100973667327816
borough_most_equitable,candidate_d100_delay_median_cap1_borough_9da82092c7ffaf17,3ddf760e53e2891ee7500c6abd9312b54557d9d1d0a4c6d79fb33f498515ea3e,borough,most_equitable,Most equitable,Bronx,Hazard,0.11105011357434127,0.34564934015793364,0.5918652751643748
borough_most_equitable,candidate_d100_delay_median_cap1_borough_9da82092c7ffaf17,3ddf760e53e2891ee7500c6abd9312b54557d9d1d0a4c6d79fb33f498515ea3e,borough,most_equitable,Most equitable,Bronx,Illegal Tree Damage,0.11105011357434127,0.16562575729991344,0.1
borough_most_equitable,candidate_d100_delay_median_cap1_borough_9da82092c7ffaf17,3ddf760e53e2891ee7500c6abd9312b54557d9d1d0a4c6d79fb33f498515ea3e,borough,most_equitable,Most equitable,Bronx,Other,0.11105011357434127,0.13461019825859158,0.2221120279266891
borough_most_equitable,candidate_d100_delay_median_cap1_borough_9da82092c7ffaf17,3ddf760e53e2891ee7500c6abd9312b54557d9d1d0a4c6d79fb33f498515ea3e,borough,most_equitable,Most equitable,Bronx,Prune,0.11105011357434127,0.0001728246700789668,0.5056963269248834
borough_most_equitable,candidate_d100_delay_median_cap1_borough_9da82092c7ffaf17,3ddf760e53e2891ee7500c6abd9312b54557d9d1d0a4c6d79fb33f498515ea3e,borough,most_equitable,Most equitable,Bronx,Remove Tree,0.11105011357434127,0.11097481894320015,0.3653604140879149
borough_most_equitable,candidate_d100_delay_median_cap1_borough_9da82092c7ffaf17,3ddf760e53e2891ee7500c6abd9312b54557d9d1d0a4c6d79fb33f498515ea3e,borough,most_equitable,Most equitable,Bronx,Root/Sewer/Sidewalk,0.11105011357434127,0.2429670606702822,0.3278162678910493
borough_most_equitable,candidate_d100_delay_median_cap1_borough_9da82092c7ffaf17,3ddf760e53e2891ee7500c6abd9312b54557d9d1d0a4c6d79fb33f498515ea3e,borough,most_equitable,Most equitable,Brooklyn,Hazard,0.3416309626311456,0.16749047808409567,0.1
borough_most_equitable,candidate_d100_delay_median_cap1_borough_9da82092c7ffaf17,3ddf760e53e2891ee7500c6abd9312b54557d9d1d0a4c6d79fb33f498515ea3e,borough,most_equitable,Most equitable,Brooklyn,Illegal Tree Damage,0.3416309626311456,0.3035060435590915,0.26274096328346275
borough_most_equitable,candidate_d100_delay_median_cap1_borough_9da82092c7ffaf17,3ddf760e53e2891ee7500c6abd9312b54557d9d1d0a4c6d79fb33f498515ea3e,borough,most_equitable,Most equitable,Brooklyn,Other,0.3416309626311456,0.335782800891677,0.19343192077885296
borough_most_equitable,candidate_d100_delay_median_cap1_borough_9da82092c7ffaf17,3ddf760e53e2891ee7500c6abd9312b54557d9d1d0a4c6d79fb33f498515ea3e,borough,most_equitable,Most equitable,Brooklyn,Prune,0.3416309626311456,0.0002261533767765517,0.14067670132135976
borough_most_equitable,candidate_d100_delay_median_cap1_borough_9da82092c7ffaf17,3ddf760e53e2891ee7500c6abd9312b54557d9d1d0a4c6d79fb33f498515ea3e,borough,most_equitable,Most equitable,Brooklyn,Remove Tree,0.3416309626311456,0.03798930210108348,0.16149379902626218
borough_most_equitable,candidate_d100_delay_median_cap1_borough_9da82092c7ffaf17,3ddf760e53e2891ee7500c6abd9312b54557d9d1d0a4c6d79fb33f498515ea3e,borough,most_equitable,Most equitable,Brooklyn,Root/Sewer/Sidewalk,0.3416309626311456,0.1550052219872757,0.6418046048643982
borough_most_equitable,candidate_d100_delay_median_cap1_borough_9da82092c7ffaf17,3ddf760e53e2891ee7500c6abd9312b54557d9d1d0a4c6d79fb33f498515ea3e,borough,most_equitable,Most equitable,Manhattan,Hazard,0.0822725862471489,0.22423741991400784,0.5110672480565901
borough_most_equitable,candidate_d100_delay_median_cap1_borough_9da82092c7ffaf17,3ddf760e53e2891ee7500c6abd9312b54557d9d1d0a4c6d79fb33f498515ea3e,borough,most_equitable,Most equitable,Manhattan,Illegal Tree Damage,0.0822725862471489,0.15566918939726157,0.8639076269688637
borough_most_equitable,candidate_d100_delay_median_cap1_borough_9da82092c7ffaf17,3ddf760e53e2891ee7500c6abd9312b54557d9d1d0a4c6d79fb33f498515ea3e,borough,most_equitable,Most equitable,Manhattan,Other,0.0822725862471489,0.14327195894832984,0.6639944912228871
borough_most_equitable,candidate_d100_delay_median_cap1_borough_9da82092c7ffaf17,3ddf760e53e2891ee7500c6abd9312b54557d9d1d0a4c6d79fb33f498515ea3e,borough,most_equitable,Most equitable,Manhattan,Prune,0.0822725862471489,0.00023510421342661444,0.31347779226453865
borough_most_equitable,candidate_d100_delay_median_cap1_borough_9da82092c7ffaf17,3ddf760e53e2891ee7500c6abd9312b54557d9d1d0a4c6d79fb33f498515ea3e,borough,most_equitable,Most equitable,Manhattan,Remove Tree,0.0822725862471489,0.13523850994307526,0.4474858204643506
borough_most_equitable,candidate_d100_delay_median_cap1_borough_9da82092c7ffaf17,3ddf760e53e2891ee7500c6abd9312b54557d9d1d0a4c6d79fb33f498515ea3e,borough,most_equitable,Most equitable,Manhattan,Root/Sewer/Sidewalk,0.0822725862471489,0.3413478175838989,0.8987274417825737
borough_most_equitable,candidate_d100_delay_median_cap1_borough_9da82092c7ffaf17,3ddf760e53e2891ee7500c6abd9312b54557d9d1d0a4c6d79fb33f498515ea3e,borough,most_equitable,Most equitable,Queens,Hazard,0.35432917809563647,0.4847036205055776,0.14661308549154367
borough_most_equitable,candidate_d100_delay_median_cap1_borough_9da82092c7ffaf17,3ddf760e53e2891ee7500c6abd9312b54557d9d1d0a4c6d79fb33f498515ea3e,borough,most_equitable,Most equitable,Queens,Illegal Tree Damage,0.35432917809563647,0.3543073530359238,0.14213969489508607
borough_most_equitable,candidate_d100_delay_median_cap1_borough_9da82092c7ffaf17,3ddf760e53e2891ee7500c6abd9312b54557d9d1d0a4c6d79fb33f498515ea3e,borough,most_equitable,Most equitable,Queens,Other,0.35432917809563647,0.11089193270086314,0.49368713188297253
borough_most_equitable,candidate_d100_delay_median_cap1_borough_9da82092c7ffaf17,3ddf760e53e2891ee7500c6abd9312b54557d9d1d0a4c6d79fb33f498515ea3e,borough,most_equitable,Most equitable,Queens,Prune,0.35432917809563647,0.0002423518102527888,0.2133021376946241
borough_most_equitable,candidate_d100_delay_median_cap1_borough_9da82092c7ffaf17,3ddf760e53e2891ee7500c6abd9312b54557d9d1d0a4c6d79fb33f498515ea3e,borough,most_equitable,Most equitable,Queens,Remove Tree,0.35432917809563647,0.049612390137129835,0.1
borough_most_equitable,candidate_d100_delay_median_cap1_borough_9da82092c7ffaf17,3ddf760e53e2891ee7500c6abd9312b54557d9d1d0a4c6d79fb33f498515ea3e,borough,most_equitable,Most equitable,Queens,Root/Sewer/Sidewalk,0.35432917809563647,0.0002423518102527888,0.1
borough_most_equitable,candidate_d100_delay_median_cap1_borough_9da82092c7ffaf17,3ddf760e53e2891ee7500c6abd9312b54557d9d1d0a4c6d79fb33f498515ea3e,borough,most_equitable,Most equitable,Staten Island,Hazard,0.11071715945172791,0.4686331946179235,0.1378576814166652
borough_most_equitable,candidate_d100_delay_median_cap1_borough_9da82092c7ffaf17,3ddf760e53e2891ee7500c6abd9312b54557d9d1d0a4c6d79fb33f498515ea3e,borough,most_equitable,Most equitable,Staten Island,Illegal Tree Damage,0.11071715945172791,0.3439598912922852,0.4023523061116396
borough_most_equitable,candidate_d100_delay_median_cap1_borough_9da82092c7ffaf17,3ddf760e53e2891ee7500c6abd9312b54557d9d1d0a4c6d79fb33f498515ea3e,borough,most_equitable,Most equitable,Staten Island,Other,0.11071715945172791,0.14708940520257419,0.6974382325944856
borough_most_equitable,candidate_d100_delay_median_cap1_borough_9da82092c7ffaf17,3ddf760e53e2891ee7500c6abd9312b54557d9d1d0a4c6d79fb33f498515ea3e,borough,most_equitable,Most equitable,Staten Island,Prune,0.11071715945172791,0.0002878878960255295,0.28099983860686695
borough_most_equitable,candidate_d100_delay_median_cap1_borough_9da82092c7ffaf17,3ddf760e53e2891ee7500c6abd9312b54557d9d1d0a4c6d79fb33f498515ea3e,borough,most_equitable,Most equitable,Staten Island,Remove Tree,0.11071715945172791,0.039741733095166,0.2976390338030739
borough_most_equitable,candidate_d100_delay_median_cap1_borough_9da82092c7ffaf17,3ddf760e53e2891ee7500c6abd9312b54557d9d1d0a4c6d79fb33f498515ea3e,borough,most_equitable,Most equitable,Staten Island,Root/Sewer/Sidewalk,0.11071715945172791,0.0002878878960255295,0.3067054259404565
city_balanced,candidate_d100_delay_median_cap1_city_8750ba64fb5a6a21,d2155f4ed96c16ec94f65c3dec053214803c3843b41713176a711cbcffbd30c2,city,balanced,City Balanced,Bronx,Hazard,,0.04990587041335415,0.9026286052706025
city_balanced,candidate_d100_delay_median_cap1_city_8750ba64fb5a6a21,d2155f4ed96c16ec94f65c3dec053214803c3843b41713176a711cbcffbd30c2,city,balanced,City Balanced,Bronx,Illegal Tree Damage,,0.0408090326146189,1.0
city_balanced,candidate_d100_delay_median_cap1_city_8750ba64fb5a6a21,d2155f4ed96c16ec94f65c3dec053214803c3843b41713176a711cbcffbd30c2,city,balanced,City Balanced,Bronx,Other,,0.0840780452445287,1.0
city_balanced,candidate_d100_delay_median_cap1_city_8750ba64fb5a6a21,d2155f4ed96c16ec94f65c3dec053214803c3843b41713176a711cbcffbd30c2,city,balanced,City Balanced,Bronx,Prune,,9.185253358750307e-05,0.1
city_balanced,candidate_d100_delay_median_cap1_city_8750ba64fb5a6a21,d2155f4ed96c16ec94f65c3dec053214803c3843b41713176a711cbcffbd30c2,city,balanced,City Balanced,Bronx,Remove Tree,,0.018295081089766116,0.4455668303530403
city_balanced,candidate_d100_delay_median_cap1_city_8750ba64fb5a6a21,d2155f4ed96c16ec94f65c3dec053214803c3843b41713176a711cbcffbd30c2,city,balanced,City Balanced,Bronx,Root/Sewer/Sidewalk,,9.185253358750307e-05,0.1337947450198784
city_balanced,candidate_d100_delay_median_cap1_city_8750ba64fb5a6a21,d2155f4ed96c16ec94f65c3dec053214803c3843b41713176a711cbcffbd30c2,city,balanced,City Balanced,Brooklyn,Hazard,,0.08364174798607064,0.7122792711959736
city_balanced,candidate_d100_delay_median_cap1_city_8750ba64fb5a6a21,d2155f4ed96c16ec94f65c3dec053214803c3843b41713176a711cbcffbd30c2,city,balanced,City Balanced,Brooklyn,Illegal Tree Damage,,0.09185253495621247,0.18183563231967106
city_balanced,candidate_d100_delay_median_cap1_city_8750ba64fb5a6a21,d2155f4ed96c16ec94f65c3dec053214803c3843b41713176a711cbcffbd30c2,city,balanced,City Balanced,Brooklyn,Other,,0.012306276129760351,0.4061021860163257
city_balanced,candidate_d100_delay_median_cap1_city_8750ba64fb5a6a21,d2155f4ed96c16ec94f65c3dec053214803c3843b41713176a711cbcffbd30c2,city,balanced,City Balanced,Brooklyn,Prune,,9.185253358750307e-05,0.1
city_balanced,candidate_d100_delay_median_cap1_city_8750ba64fb5a6a21,d2155f4ed96c16ec94f65c3dec053214803c3843b41713176a711cbcffbd30c2,city,balanced,City Balanced,Brooklyn,Remove Tree,,0.043434909837231875,0.9561789774662921
city_balanced,candidate_d100_delay_median_cap1_city_8750ba64fb5a6a21,d2155f4ed96c16ec94f65c3dec053214803c3843b41713176a711cbcffbd30c2,city,balanced,City Balanced,Brooklyn,Root/Sewer/Sidewalk,,9.185253358750307e-05,0.1
city_balanced,candidate_d100_delay_median_cap1_city_8750ba64fb5a6a21,d2155f4ed96c16ec94f65c3dec053214803c3843b41713176a711cbcffbd30c2,city,balanced,City Balanced,Manhattan,Hazard,,0.04105751573882432,0.3155734572236595
city_balanced,candidate_d100_delay_median_cap1_city_8750ba64fb5a6a21,d2155f4ed96c16ec94f65c3dec053214803c3843b41713176a711cbcffbd30c2,city,balanced,City Balanced,Manhattan,Illegal Tree Damage,,0.02714319850577232,0.1
city_balanced,candidate_d100_delay_median_cap1_city_8750ba64fb5a6a21,d2155f4ed96c16ec94f65c3dec053214803c3843b41713176a711cbcffbd30c2,city,balanced,City Balanced,Manhattan,Other,,0.04858644699902853,0.7046455125446468
city_balanced,candidate_d100_delay_median_cap1_city_8750ba64fb5a6a21,d2155f4ed96c16ec94f65c3dec053214803c3843b41713176a711cbcffbd30c2,city,balanced,City Balanced,Manhattan,Prune,,9.185253358750307e-05,0.1
city_balanced,candidate_d100_delay_median_cap1_city_8750ba64fb5a6a21,d2155f4ed96c16ec94f65c3dec053214803c3843b41713176a711cbcffbd30c2,city,balanced,City Balanced,Manhattan,Remove Tree,,0.07171128514466237,0.29319150485663203
city_balanced,candidate_d100_delay_median_cap1_city_8750ba64fb5a6a21,d2155f4ed96c16ec94f65c3dec053214803c3843b41713176a711cbcffbd30c2,city,balanced,City Balanced,Manhattan,Root/Sewer/Sidewalk,,9.185253358750307e-05,0.1865228942084583
city_balanced,candidate_d100_delay_median_cap1_city_8750ba64fb5a6a21,d2155f4ed96c16ec94f65c3dec053214803c3843b41713176a711cbcffbd30c2,city,balanced,City Balanced,Queens,Hazard,,0.09185253495621247,0.7627164288472449
city_balanced,candidate_d100_delay_median_cap1_city_8750ba64fb5a6a21,d2155f4ed96c16ec94f65c3dec053214803c3843b41713176a711cbcffbd30c2,city,balanced,City Balanced,Queens,Illegal Tree Damage,,0.04049265115092972,0.42567080814154684
city_balanced,candidate_d100_delay_median_cap1_city_8750ba64fb5a6a21,d2155f4ed96c16ec94f65c3dec053214803c3843b41713176a711cbcffbd30c2,city,balanced,City Balanced,Queens,Other,,0.02329863247958994,0.3390708702754447
city_balanced,candidate_d100_delay_median_cap1_city_8750ba64fb5a6a21,d2155f4ed96c16ec94f65c3dec053214803c3843b41713176a711cbcffbd30c2,city,balanced,City Balanced,Queens,Prune,,9.185253358750307e-05,0.1
city_balanced,candidate_d100_delay_median_cap1_city_8750ba64fb5a6a21,d2155f4ed96c16ec94f65c3dec053214803c3843b41713176a711cbcffbd30c2,city,balanced,City Balanced,Queens,Remove Tree,,0.045699462419124294,0.1
city_balanced,candidate_d100_delay_median_cap1_city_8750ba64fb5a6a21,d2155f4ed96c16ec94f65c3dec053214803c3843b41713176a711cbcffbd30c2,city,balanced,City Balanced,Queens,Root/Sewer/Sidewalk,,9.185253358750307e-05,0.28580825004506527
city_balanced,candidate_d100_delay_median_cap1_city_8750ba64fb5a6a21,d2155f4ed96c16ec94f65c3dec053214803c3843b41713176a711cbcffbd30c2,city,balanced,City Balanced,Staten Island,Hazard,,0.049188043652667136,0.8016628313982033
city_balanced,candidate_d100_delay_median_cap1_city_8750ba64fb5a6a21,d2155f4ed96c16ec94f65c3dec053214803c3843b41713176a711cbcffbd30c2,city,balanced,City Balanced,Staten Island,Illegal Tree Damage,,0.0282810694556462,0.4389553026934202
city_balanced,candidate_d100_delay_median_cap1_city_8750ba64fb5a6a21,d2155f4ed96c16ec94f65c3dec053214803c3843b41713176a711cbcffbd30c2,city,balanced,City Balanced,Staten Island,Other,,0.09185253495621247,0.6733843327417403
city_balanced,candidate_d100_delay_median_cap1_city_8750ba64fb5a6a21,d2155f4ed96c16ec94f65c3dec053214803c3843b41713176a711cbcffbd30c2,city,balanced,City Balanced,Staten Island,Prune,,9.185253358750307e-05,0.1
city_balanced,candidate_d100_delay_median_cap1_city_8750ba64fb5a6a21,d2155f4ed96c16ec94f65c3dec053214803c3843b41713176a711cbcffbd30c2,city,balanced,City Balanced,Staten Island,Remove Tree,,0.015594600933911896,0.2588883927811432
city_balanced,candidate_d100_delay_median_cap1_city_8750ba64fb5a6a21,d2155f4ed96c16ec94f65c3dec053214803c3843b41713176a711cbcffbd30c2,city,balanced,City Balanced,Staten Island,Root/Sewer/Sidewalk,,9.185253358750307e-05,0.47527564386207494
city_most_efficient,candidate_d100_delay_median_cap1_city_9df8d9895369c391,d612a94a822bad3632a693e1de6424c1175cb9dbb61b188df984f2fe52136268,city,most_efficient,Most efficient,Bronx,Hazard,,0.035441094173295364,0.5292383165234106
city_most_efficient,candidate_d100_delay_median_cap1_city_9df8d9895369c391,d612a94a822bad3632a693e1de6424c1175cb9dbb61b188df984f2fe52136268,city,most_efficient,Most efficient,Bronx,Illegal Tree Damage,,0.02804065947889337,1.0
city_most_efficient,candidate_d100_delay_median_cap1_city_9df8d9895369c391,d612a94a822bad3632a693e1de6424c1175cb9dbb61b188df984f2fe52136268,city,most_efficient,Most efficient,Bronx,Other,,0.04654562895850981,0.1
city_most_efficient,candidate_d100_delay_median_cap1_city_9df8d9895369c391,d612a94a822bad3632a693e1de6424c1175cb9dbb61b188df984f2fe52136268,city,most_efficient,Most efficient,Bronx,Prune,,8.757349247152374e-05,0.14822959830738752
city_most_efficient,candidate_d100_delay_median_cap1_city_9df8d9895369c391,d612a94a822bad3632a693e1de6424c1175cb9dbb61b188df984f2fe52136268,city,most_efficient,Most efficient,Bronx,Remove Tree,,0.05044558617216443,0.38931172806594583
city_most_efficient,candidate_d100_delay_median_cap1_city_9df8d9895369c391,d612a94a822bad3632a693e1de6424c1175cb9dbb61b188df984f2fe52136268,city,most_efficient,Most efficient,Bronx,Root/Sewer/Sidewalk,,8.757349247152374e-05,0.1
city_most_efficient,candidate_d100_delay_median_cap1_city_9df8d9895369c391,d612a94a822bad3632a693e1de6424c1175cb9dbb61b188df984f2fe52136268,city,most_efficient,Most efficient,Brooklyn,Hazard,,0.08757349377647046,0.8361561396145873
city_most_efficient,candidate_d100_delay_median_cap1_city_9df8d9895369c391,d612a94a822bad3632a693e1de6424c1175cb9dbb61b188df984f2fe52136268,city,most_efficient,Most efficient,Brooklyn,Illegal Tree Damage,,0.08757349377647046,0.3019610887562714
city_most_efficient,candidate_d100_delay_median_cap1_city_9df8d9895369c391,d612a94a822bad3632a693e1de6424c1175cb9dbb61b188df984f2fe52136268,city,most_efficient,Most efficient,Brooklyn,Other,,0.015740993939459613,1.0
city_most_efficient,candidate_d100_delay_median_cap1_city_9df8d9895369c391,d612a94a822bad3632a693e1de6424c1175cb9dbb61b188df984f2fe52136268,city,most_efficient,Most efficient,Brooklyn,Prune,,8.757349247152374e-05,0.1
city_most_efficient,candidate_d100_delay_median_cap1_city_9df8d9895369c391,d612a94a822bad3632a693e1de6424c1175cb9dbb61b188df984f2fe52136268,city,most_efficient,Most efficient,Brooklyn,Remove Tree,,0.0756238965352759,0.7508077287348363
city_most_efficient,candidate_d100_delay_median_cap1_city_9df8d9895369c391,d612a94a822bad3632a693e1de6424c1175cb9dbb61b188df984f2fe52136268,city,most_efficient,Most efficient,Brooklyn,Root/Sewer/Sidewalk,,8.757349247152374e-05,0.1
city_most_efficient,candidate_d100_delay_median_cap1_city_9df8d9895369c391,d612a94a822bad3632a693e1de6424c1175cb9dbb61b188df984f2fe52136268,city,most_efficient,Most efficient,Manhattan,Hazard,,0.04795085748074527,0.2869681744996938
city_most_efficient,candidate_d100_delay_median_cap1_city_9df8d9895369c391,d612a94a822bad3632a693e1de6424c1175cb9dbb61b188df984f2fe52136268,city,most_efficient,Most efficient,Manhattan,Illegal Tree Damage,,0.008433595153985425,0.1
city_most_efficient,candidate_d100_delay_median_cap1_city_9df8d9895369c391,d612a94a822bad3632a693e1de6424c1175cb9dbb61b188df984f2fe52136268,city,most_efficient,Most efficient,Manhattan,Other,,0.03962459263402901,0.7232445608689341
city_most_efficient,candidate_d100_delay_median_cap1_city_9df8d9895369c391,d612a94a822bad3632a693e1de6424c1175cb9dbb61b188df984f2fe52136268,city,most_efficient,Most efficient,Manhattan,Prune,,8.757349247152374e-05,0.1
city_most_efficient,candidate_d100_delay_median_cap1_city_9df8d9895369c391,d612a94a822bad3632a693e1de6424c1175cb9dbb61b188df984f2fe52136268,city,most_efficient,Most efficient,Manhattan,Remove Tree,,0.08757349377647046,0.1
city_most_efficient,candidate_d100_delay_median_cap1_city_9df8d9895369c391,d612a94a822bad3632a693e1de6424c1175cb9dbb61b188df984f2fe52136268,city,most_efficient,Most efficient,Manhattan,Root/Sewer/Sidewalk,,8.757349247152374e-05,0.1
city_most_efficient,candidate_d100_delay_median_cap1_city_9df8d9895369c391,d612a94a822bad3632a693e1de6424c1175cb9dbb61b188df984f2fe52136268,city,most_efficient,Most efficient,Queens,Hazard,,0.08757349377647046,1.0
city_most_efficient,candidate_d100_delay_median_cap1_city_9df8d9895369c391,d612a94a822bad3632a693e1de6424c1175cb9dbb61b188df984f2fe52136268,city,most_efficient,Most efficient,Queens,Illegal Tree Damage,,0.02731142486451149,0.3896688874599418
city_most_efficient,candidate_d100_delay_median_cap1_city_9df8d9895369c391,d612a94a822bad3632a693e1de6424c1175cb9dbb61b188df984f2fe52136268,city,most_efficient,Most efficient,Queens,Other,,0.06813824657316345,0.1918190522946966
city_most_efficient,candidate_d100_delay_median_cap1_city_9df8d9895369c391,d612a94a822bad3632a693e1de6424c1175cb9dbb61b188df984f2fe52136268,city,most_efficient,Most efficient,Queens,Prune,,8.757349247152374e-05,0.1
city_most_efficient,candidate_d100_delay_median_cap1_city_9df8d9895369c391,d612a94a822bad3632a693e1de6424c1175cb9dbb61b188df984f2fe52136268,city,most_efficient,Most efficient,Queens,Remove Tree,,0.02446055616347416,0.1
city_most_efficient,candidate_d100_delay_median_cap1_city_9df8d9895369c391,d612a94a822bad3632a693e1de6424c1175cb9dbb61b188df984f2fe52136268,city,most_efficient,Most efficient,Queens,Root/Sewer/Sidewalk,,8.757349247152374e-05,0.46148039064585594
city_most_efficient,candidate_d100_delay_median_cap1_city_9df8d9895369c391,d612a94a822bad3632a693e1de6424c1175cb9dbb61b188df984f2fe52136268,city,most_efficient,Most efficient,Staten Island,Hazard,,0.039228866366967464,0.5527649559594546
city_most_efficient,candidate_d100_delay_median_cap1_city_9df8d9895369c391,d612a94a822bad3632a693e1de6424c1175cb9dbb61b188df984f2fe52136268,city,most_efficient,Most efficient,Staten Island,Illegal Tree Damage,,0.03323171459332699,0.6187843060099779
city_most_efficient,candidate_d100_delay_median_cap1_city_9df8d9895369c391,d612a94a822bad3632a693e1de6424c1175cb9dbb61b188df984f2fe52136268,city,most_efficient,Most efficient,Staten Island,Other,,0.08757349377647046,0.31631903483765955
city_most_efficient,candidate_d100_delay_median_cap1_city_9df8d9895369c391,d612a94a822bad3632a693e1de6424c1175cb9dbb61b188df984f2fe52136268,city,most_efficient,Most efficient,Staten Island,Prune,,8.757349247152374e-05,0.1
city_most_efficient,candidate_d100_delay_median_cap1_city_9df8d9895369c391,d612a94a822bad3632a693e1de6424c1175cb9dbb61b188df984f2fe52136268,city,most_efficient,Most efficient,Staten Island,Remove Tree,,0.021039083105130738,0.7489288625055257
city_most_efficient,candidate_d100_delay_median_cap1_city_9df8d9895369c391,d612a94a822bad3632a693e1de6424c1175cb9dbb61b188df984f2fe52136268,city,most_efficient,Most efficient,Staten Island,Root/Sewer/Sidewalk,,8.757349247152374e-05,0.1
city_most_equitable,candidate_d100_delay_median_cap1_city_a429951251cca526,3852ac842b53163eb7bbac2005f8272aebe91754c390ec2e57a3deec0c756381,city,most_equitable,Most equitable,Bronx,Hazard,,0.022350994465380206,0.3365332204673217
city_most_equitable,candidate_d100_delay_median_cap1_city_a429951251cca526,3852ac842b53163eb7bbac2005f8272aebe91754c390ec2e57a3deec0c756381,city,most_equitable,Most equitable,Bronx,Illegal Tree Damage,,0.0242051567613286,0.1
city_most_equitable,candidate_d100_delay_median_cap1_city_a429951251cca526,3852ac842b53163eb7bbac2005f8272aebe91754c390ec2e57a3deec0c756381,city,most_equitable,Most equitable,Bronx,Other,,0.07058258852020287,0.617186233465965
city_most_equitable,candidate_d100_delay_median_cap1_city_a429951251cca526,3852ac842b53163eb7bbac2005f8272aebe91754c390ec2e57a3deec0c756381,city,most_equitable,Most equitable,Bronx,Prune,,8.902530495040443e-05,0.23648961279018418
city_most_equitable,candidate_d100_delay_median_cap1_city_a429951251cca526,3852ac842b53163eb7bbac2005f8272aebe91754c390ec2e57a3deec0c756381,city,most_equitable,Most equitable,Bronx,Remove Tree,,0.048483124354809594,0.16096032524808043
city_most_equitable,candidate_d100_delay_median_cap1_city_a429951251cca526,3852ac842b53163eb7bbac2005f8272aebe91754c390ec2e57a3deec0c756381,city,most_equitable,Most equitable,Bronx,Root/Sewer/Sidewalk,,8.902530495040443e-05,0.1
city_most_equitable,candidate_d100_delay_median_cap1_city_a429951251cca526,3852ac842b53163eb7bbac2005f8272aebe91754c390ec2e57a3deec0c756381,city,most_equitable,Most equitable,Brooklyn,Hazard,,0.06590094666039985,0.32496564516319987
city_most_equitable,candidate_d100_delay_median_cap1_city_a429951251cca526,3852ac842b53163eb7bbac2005f8272aebe91754c390ec2e57a3deec0c756381,city,most_equitable,Most equitable,Brooklyn,Illegal Tree Damage,,0.03209761122783269,0.636295497093428
city_most_equitable,candidate_d100_delay_median_cap1_city_a429951251cca526,3852ac842b53163eb7bbac2005f8272aebe91754c390ec2e57a3deec0c756381,city,most_equitable,Most equitable,Brooklyn,Other,,0.020109293799444653,0.14761347632516827
city_most_equitable,candidate_d100_delay_median_cap1_city_a429951251cca526,3852ac842b53163eb7bbac2005f8272aebe91754c390ec2e57a3deec0c756381,city,most_equitable,Most equitable,Brooklyn,Prune,,8.902530495040443e-05,0.1
city_most_equitable,candidate_d100_delay_median_cap1_city_a429951251cca526,3852ac842b53163eb7bbac2005f8272aebe91754c390ec2e57a3deec0c756381,city,most_equitable,Most equitable,Brooklyn,Remove Tree,,0.0819035658611453,0.9212175645321293
city_most_equitable,candidate_d100_delay_median_cap1_city_a429951251cca526,3852ac842b53163eb7bbac2005f8272aebe91754c390ec2e57a3deec0c756381,city,most_equitable,Most equitable,Brooklyn,Root/Sewer/Sidewalk,,8.902530495040443e-05,0.1398974106684354
city_most_equitable,candidate_d100_delay_median_cap1_city_a429951251cca526,3852ac842b53163eb7bbac2005f8272aebe91754c390ec2e57a3deec0c756381,city,most_equitable,Most equitable,Manhattan,Hazard,,0.029717756383029773,0.1
city_most_equitable,candidate_d100_delay_median_cap1_city_a429951251cca526,3852ac842b53163eb7bbac2005f8272aebe91754c390ec2e57a3deec0c756381,city,most_equitable,Most equitable,Manhattan,Illegal Tree Damage,,0.01141708451244248,0.45711555038212853
city_most_equitable,candidate_d100_delay_median_cap1_city_a429951251cca526,3852ac842b53163eb7bbac2005f8272aebe91754c390ec2e57a3deec0c756381,city,most_equitable,Most equitable,Manhattan,Other,,0.012910531715723228,0.1
city_most_equitable,candidate_d100_delay_median_cap1_city_a429951251cca526,3852ac842b53163eb7bbac2005f8272aebe91754c390ec2e57a3deec0c756381,city,most_equitable,Most equitable,Manhattan,Prune,,8.902530495040443e-05,0.5184453982134574
city_most_equitable,candidate_d100_delay_median_cap1_city_a429951251cca526,3852ac842b53163eb7bbac2005f8272aebe91754c390ec2e57a3deec0c756381,city,most_equitable,Most equitable,Manhattan,Remove Tree,,0.07244315279915615,0.28439829572380043
city_most_equitable,candidate_d100_delay_median_cap1_city_a429951251cca526,3852ac842b53163eb7bbac2005f8272aebe91754c390ec2e57a3deec0c756381,city,most_equitable,Most equitable,Manhattan,Root/Sewer/Sidewalk,,8.902530495040443e-05,1.0
city_most_equitable,candidate_d100_delay_median_cap1_city_a429951251cca526,3852ac842b53163eb7bbac2005f8272aebe91754c390ec2e57a3deec0c756381,city,most_equitable,Most equitable,Queens,Hazard,,0.08902530627698485,0.49755622512908093
city_most_equitable,candidate_d100_delay_median_cap1_city_a429951251cca526,3852ac842b53163eb7bbac2005f8272aebe91754c390ec2e57a3deec0c756381,city,most_equitable,Most equitable,Queens,Illegal Tree Damage,,0.047718699244376044,0.8610588292358033
city_most_equitable,candidate_d100_delay_median_cap1_city_a429951251cca526,3852ac842b53163eb7bbac2005f8272aebe91754c390ec2e57a3deec0c756381,city,most_equitable,Most equitable,Queens,Other,,0.06277587687979515,0.1
city_most_equitable,candidate_d100_delay_median_cap1_city_a429951251cca526,3852ac842b53163eb7bbac2005f8272aebe91754c390ec2e57a3deec0c756381,city,most_equitable,Most equitable,Queens,Prune,,8.902530495040443e-05,0.18842200545346952
city_most_equitable,candidate_d100_delay_median_cap1_city_a429951251cca526,3852ac842b53163eb7bbac2005f8272aebe91754c390ec2e57a3deec0c756381,city,most_equitable,Most equitable,Queens,Remove Tree,,0.06927840494579474,0.10227520072869842
city_most_equitable,candidate_d100_delay_median_cap1_city_a429951251cca526,3852ac842b53163eb7bbac2005f8272aebe91754c390ec2e57a3deec0c756381,city,most_equitable,Most equitable,Queens,Root/Sewer/Sidewalk,,8.902530495040443e-05,0.3133594467957225
city_most_equitable,candidate_d100_delay_median_cap1_city_a429951251cca526,3852ac842b53163eb7bbac2005f8272aebe91754c390ec2e57a3deec0c756381,city,most_equitable,Most equitable,Staten Island,Hazard,,0.053280293176489725,0.2545125038239626
city_most_equitable,candidate_d100_delay_median_cap1_city_a429951251cca526,3852ac842b53163eb7bbac2005f8272aebe91754c390ec2e57a3deec0c756381,city,most_equitable,Most equitable,Staten Island,Illegal Tree Damage,,0.0457161088948308,0.9883380212316177
city_most_equitable,candidate_d100_delay_median_cap1_city_a429951251cca526,3852ac842b53163eb7bbac2005f8272aebe91754c390ec2e57a3deec0c756381,city,most_equitable,Most equitable,Staten Island,Other,,0.08902530627698485,0.49327875015227257
city_most_equitable,candidate_d100_delay_median_cap1_city_a429951251cca526,3852ac842b53163eb7bbac2005f8272aebe91754c390ec2e57a3deec0c756381,city,most_equitable,Most equitable,Staten Island,Prune,,8.902530495040443e-05,0.1522184045558685
city_most_equitable,candidate_d100_delay_median_cap1_city_a429951251cca526,3852ac842b53163eb7bbac2005f8272aebe91754c390ec2e57a3deec0c756381,city,most_equitable,Most equitable,Staten Island,Remove Tree,,0.050167944194344484,0.37089613147002604
city_most_equitable,candidate_d100_delay_median_cap1_city_a429951251cca526,3852ac842b53163eb7bbac2005f8272aebe91754c390ec2e57a3deec0c756381,city,most_equitable,Most equitable,Staten Island,Root/Sewer/Sidewalk,,8.902530495040443e-05,0.1
