scope,role,policy_id,vector_hash,budget_group,display_role,borough,category,sla_days_mean,inspection_fraction_mean,sla_days_std,inspection_fraction_std,n_evaluations,sla_days_sem,inspection_fraction_sem
mean_across_authenticated_inference_seeds_321_345,borough_balanced,candidate_d100_delay_median_cap1_borough_500e7870e139a8dc,c088e7e14e7fcbbb27edc17239a52daaa7617d1af15dbd8a1b374b47c2e7df82,borough,balanced,Bronx,Hazard,0.84,0.946798210997106,0.3741657386773941,0.004679244659256556,25,0.07483314773547882,0.0009358489318513113
mean_across_authenticated_inference_seeds_321_345,borough_balanced,candidate_d100_delay_median_cap1_borough_500e7870e139a8dc,c088e7e14e7fcbbb27edc17239a52daaa7617d1af15dbd8a1b374b47c2e7df82,borough,balanced,Bronx,Illegal Tree Damage,0.0,0.9961532192339039,0.0,0.0014021720076678851,25,0.0,0.00028043440153357704
mean_across_authenticated_inference_seeds_321_345,borough_balanced,candidate_d100_delay_median_cap1_borough_500e7870e139a8dc,c088e7e14e7fcbbb27edc17239a52daaa7617d1af15dbd8a1b374b47c2e7df82,borough,balanced,Bronx,Other,0.0,0.9992888888888889,0.0,0.0016629588385661611,25,0.0,0.0003325917677132322
mean_across_authenticated_inference_seeds_321_345,borough_balanced,candidate_d100_delay_median_cap1_borough_500e7870e139a8dc,c088e7e14e7fcbbb27edc17239a52daaa7617d1af15dbd8a1b374b47c2e7df82,borough,balanced,Bronx,Prune,18.82,0.10168714168714164,2.593581821856921,0.008896602557907706,25,0.5187163643713842,0.0017793205115815413
mean_across_authenticated_inference_seeds_321_345,borough_balanced,candidate_d100_delay_median_cap1_borough_500e7870e139a8dc,c088e7e14e7fcbbb27edc17239a52daaa7617d1af15dbd8a1b374b47c2e7df82,borough,balanced,Bronx,Remove Tree,3.64,0.8136865942028986,0.6377042156569664,0.010598309941884055,25,0.1275408431313933,0.002119661988376811
mean_across_authenticated_inference_seeds_321_345,borough_balanced,candidate_d100_delay_median_cap1_borough_500e7870e139a8dc,c088e7e14e7fcbbb27edc17239a52daaa7617d1af15dbd8a1b374b47c2e7df82,borough,balanced,Bronx,Root/Sewer/Sidewalk,11.8,0.12136776661884262,1.1989578808281798,0.009175554455709093,25,0.23979157616563596,0.0018351108911418186
mean_across_authenticated_inference_seeds_321_345,borough_balanced,candidate_d100_delay_median_cap1_borough_500e7870e139a8dc,c088e7e14e7fcbbb27edc17239a52daaa7617d1af15dbd8a1b374b47c2e7df82,borough,balanced,Brooklyn,Hazard,0.76,0.9877996243915527,0.4358898943540673,0.0014456304644263965,25,0.08717797887081345,0.0002891260928852793
mean_across_authenticated_inference_seeds_321_345,borough_balanced,candidate_d100_delay_median_cap1_borough_500e7870e139a8dc,c088e7e14e7fcbbb27edc17239a52daaa7617d1af15dbd8a1b374b47c2e7df82,borough,balanced,Brooklyn,Illegal Tree Damage,0.0,0.9977361738756187,0.0,0.0006277577854880541,25,0.0,0.00012555155709761083
mean_across_authenticated_inference_seeds_321_345,borough_balanced,candidate_d100_delay_median_cap1_borough_500e7870e139a8dc,c088e7e14e7fcbbb27edc17239a52daaa7617d1af15dbd8a1b374b47c2e7df82,borough,balanced,Brooklyn,Other,0.0,1.0,0.0,0.0,25,0.0,0.0
mean_across_authenticated_inference_seeds_321_345,borough_balanced,candidate_d100_delay_median_cap1_borough_500e7870e139a8dc,c088e7e14e7fcbbb27edc17239a52daaa7617d1af15dbd8a1b374b47c2e7df82,borough,balanced,Brooklyn,Prune,20.88,0.15988833054159685,1.7156145643277032,0.003916025853923042,25,0.34312291286554064,0.0007832051707846084
mean_across_authenticated_inference_seeds_321_345,borough_balanced,candidate_d100_delay_median_cap1_borough_500e7870e139a8dc,c088e7e14e7fcbbb27edc17239a52daaa7617d1af15dbd8a1b374b47c2e7df82,borough,balanced,Brooklyn,Remove Tree,6.8,0.8407887751232461,0.7071067811865476,0.007865690443358322,25,0.1414213562373095,0.0015731380886716644
mean_across_authenticated_inference_seeds_321_345,borough_balanced,candidate_d100_delay_median_cap1_borough_500e7870e139a8dc,c088e7e14e7fcbbb27edc17239a52daaa7617d1af15dbd8a1b374b47c2e7df82,borough,balanced,Brooklyn,Root/Sewer/Sidewalk,17.76,0.2619086786881788,1.6901676445449623,0.0055453977926100875,25,0.33803352890899246,0.0011090795585220175
mean_across_authenticated_inference_seeds_321_345,borough_balanced,candidate_d100_delay_median_cap1_borough_500e7870e139a8dc,c088e7e14e7fcbbb27edc17239a52daaa7617d1af15dbd8a1b374b47c2e7df82,borough,balanced,Manhattan,Hazard,1.0,0.967251461988304,0.0,0.0038906053238921432,25,0.0,0.0007781210647784286
mean_across_authenticated_inference_seeds_321_345,borough_balanced,candidate_d100_delay_median_cap1_borough_500e7870e139a8dc,c088e7e14e7fcbbb27edc17239a52daaa7617d1af15dbd8a1b374b47c2e7df82,borough,balanced,Manhattan,Illegal Tree Damage,0.0,1.0,0.0,0.0,25,0.0,0.0
mean_across_authenticated_inference_seeds_321_345,borough_balanced,candidate_d100_delay_median_cap1_borough_500e7870e139a8dc,c088e7e14e7fcbbb27edc17239a52daaa7617d1af15dbd8a1b374b47c2e7df82,borough,balanced,Manhattan,Other,0.0,1.0,0.0,0.0,25,0.0,0.0
mean_across_authenticated_inference_seeds_321_345,borough_balanced,candidate_d100_delay_median_cap1_borough_500e7870e139a8dc,c088e7e14e7fcbbb27edc17239a52daaa7617d1af15dbd8a1b374b47c2e7df82,borough,balanced,Manhattan,Prune,17.08,0.27783492530002446,2.0396078054371136,0.013959786180591847,25,0.4079215610874227,0.0027919572361183695
mean_across_authenticated_inference_seeds_321_345,borough_balanced,candidate_d100_delay_median_cap1_borough_500e7870e139a8dc,c088e7e14e7fcbbb27edc17239a52daaa7617d1af15dbd8a1b374b47c2e7df82,borough,balanced,Manhattan,Remove Tree,2.72,0.7899038676503466,0.45825756949558405,0.006955750805011666,25,0.09165151389911681,0.0013911501610023333
mean_across_authenticated_inference_seeds_321_345,borough_balanced,candidate_d100_delay_median_cap1_borough_500e7870e139a8dc,c088e7e14e7fcbbb27edc17239a52daaa7617d1af15dbd8a1b374b47c2e7df82,borough,balanced,Manhattan,Root/Sewer/Sidewalk,0.0,0.9856898656898657,0.0,0.003917365703057741,25,0.0,0.0007834731406115483
mean_across_authenticated_inference_seeds_321_345,borough_balanced,candidate_d100_delay_median_cap1_borough_500e7870e139a8dc,c088e7e14e7fcbbb27edc17239a52daaa7617d1af15dbd8a1b374b47c2e7df82,borough,balanced,Queens,Hazard,1.4,0.9948453854895628,0.49999999999999994,0.0012517132799433146,25,0.09999999999999999,0.00025034265598866294
mean_across_authenticated_inference_seeds_321_345,borough_balanced,candidate_d100_delay_median_cap1_borough_500e7870e139a8dc,c088e7e14e7fcbbb27edc17239a52daaa7617d1af15dbd8a1b374b47c2e7df82,borough,balanced,Queens,Illegal Tree Damage,0.0,0.9964879564879564,0.0,0.0007950647065418495,25,0.0,0.0001590129413083699
mean_across_authenticated_inference_seeds_321_345,borough_balanced,candidate_d100_delay_median_cap1_borough_500e7870e139a8dc,c088e7e14e7fcbbb27edc17239a52daaa7617d1af15dbd8a1b374b47c2e7df82,borough,balanced,Queens,Other,0.0,0.9933747412008281,0.0,0.0024642610174405916,25,0.0,0.0004928522034881183
mean_across_authenticated_inference_seeds_321_345,borough_balanced,candidate_d100_delay_median_cap1_borough_500e7870e139a8dc,c088e7e14e7fcbbb27edc17239a52daaa7617d1af15dbd8a1b374b47c2e7df82,borough,balanced,Queens,Prune,16.4,0.07191705413927632,0.7071067811865476,0.004072692834013091,25,0.1414213562373095,0.0008145385668026183
mean_across_authenticated_inference_seeds_321_345,borough_balanced,candidate_d100_delay_median_cap1_borough_500e7870e139a8dc,c088e7e14e7fcbbb27edc17239a52daaa7617d1af15dbd8a1b374b47c2e7df82,borough,balanced,Queens,Remove Tree,2.0,0.7644588235294116,0.0,0.003566533852227164,25,0.0,0.0007133067704454329
mean_across_authenticated_inference_seeds_321_345,borough_balanced,candidate_d100_delay_median_cap1_borough_500e7870e139a8dc,c088e7e14e7fcbbb27edc17239a52daaa7617d1af15dbd8a1b374b47c2e7df82,borough,balanced,Queens,Root/Sewer/Sidewalk,20.4,0.10842899611250853,0.9574271077563382,0.005973447671039709,25,0.19148542155126763,0.0011946895342079419
mean_across_authenticated_inference_seeds_321_345,borough_balanced,candidate_d100_delay_median_cap1_borough_500e7870e139a8dc,c088e7e14e7fcbbb27edc17239a52daaa7617d1af15dbd8a1b374b47c2e7df82,borough,balanced,Staten Island,Hazard,1.0,0.9916767676767677,0.0,0.0012627503040257867,25,0.0,0.00025255006080515734
mean_across_authenticated_inference_seeds_321_345,borough_balanced,candidate_d100_delay_median_cap1_borough_500e7870e139a8dc,c088e7e14e7fcbbb27edc17239a52daaa7617d1af15dbd8a1b374b47c2e7df82,borough,balanced,Staten Island,Illegal Tree Damage,0.0,0.9959595959595959,0.0,0.0015429547794464466,25,0.0,0.00030859095588928935
mean_across_authenticated_inference_seeds_321_345,borough_balanced,candidate_d100_delay_median_cap1_borough_500e7870e139a8dc,c088e7e14e7fcbbb27edc17239a52daaa7617d1af15dbd8a1b374b47c2e7df82,borough,balanced,Staten Island,Other,0.0,0.9905220883534136,0.0,0.008895982717984533,25,0.0,0.0017791965435969067
mean_across_authenticated_inference_seeds_321_345,borough_balanced,candidate_d100_delay_median_cap1_borough_500e7870e139a8dc,c088e7e14e7fcbbb27edc17239a52daaa7617d1af15dbd8a1b374b47c2e7df82,borough,balanced,Staten Island,Prune,12.64,0.12337485467530307,2.0591260281974,0.005758693298986405,25,0.41182520563948,0.0011517386597972809
mean_across_authenticated_inference_seeds_321_345,borough_balanced,candidate_d100_delay_median_cap1_borough_500e7870e139a8dc,c088e7e14e7fcbbb27edc17239a52daaa7617d1af15dbd8a1b374b47c2e7df82,borough,balanced,Staten Island,Remove Tree,5.44,0.8159654178674351,0.5066228051190221,0.009543584289722245,25,0.10132456102380442,0.001908716857944449
mean_across_authenticated_inference_seeds_321_345,borough_balanced,candidate_d100_delay_median_cap1_borough_500e7870e139a8dc,c088e7e14e7fcbbb27edc17239a52daaa7617d1af15dbd8a1b374b47c2e7df82,borough,balanced,Staten Island,Root/Sewer/Sidewalk,17.9,0.18076248313090415,2.9011491975882016,0.007764837047144765,25,0.5802298395176403,0.001552967409428953
mean_across_authenticated_inference_seeds_321_345,borough_most_efficient,candidate_d100_delay_median_cap1_borough_c7df3d1fd0b07964,d75d21eacf056c54fe6739956c16a8a6d4d7fd75e61fbcf2bc8e8a06fcc3a4cb,borough,most_efficient,Bronx,Hazard,0.0,0.9517284925019731,0.0,0.004732623035216455,25,0.0,0.000946524607043291
mean_across_authenticated_inference_seeds_321_345,borough_most_efficient,candidate_d100_delay_median_cap1_borough_c7df3d1fd0b07964,d75d21eacf056c54fe6739956c16a8a6d4d7fd75e61fbcf2bc8e8a06fcc3a4cb,borough,most_efficient,Bronx,Illegal Tree Damage,0.0,0.9921760391198045,0.0,0.002478713337529812,25,0.0,0.0004957426675059624
mean_across_authenticated_inference_seeds_321_345,borough_most_efficient,candidate_d100_delay_median_cap1_borough_c7df3d1fd0b07964,d75d21eacf056c54fe6739956c16a8a6d4d7fd75e61fbcf2bc8e8a06fcc3a4cb,borough,most_efficient,Bronx,Other,0.0,0.9996444444444443,0.0,0.0012306109426544727,25,0.0,0.00024612218853089455
mean_across_authenticated_inference_seeds_321_345,borough_most_efficient,candidate_d100_delay_median_cap1_borough_c7df3d1fd0b07964,d75d21eacf056c54fe6739956c16a8a6d4d7fd75e61fbcf2bc8e8a06fcc3a4cb,borough,most_efficient,Bronx,Prune,12.62,0.11476658476658472,0.9273618495495701,0.0065381606192545265,25,0.18547236990991403,0.0013076321238509052
mean_across_authenticated_inference_seeds_321_345,borough_most_efficient,candidate_d100_delay_median_cap1_borough_c7df3d1fd0b07964,d75d21eacf056c54fe6739956c16a8a6d4d7fd75e61fbcf2bc8e8a06fcc3a4cb,borough,most_efficient,Bronx,Remove Tree,3.16,0.821820652173913,0.47258156262526085,0.008696625143709566,25,0.09451631252505217,0.0017393250287419133
mean_across_authenticated_inference_seeds_321_345,borough_most_efficient,candidate_d100_delay_median_cap1_borough_c7df3d1fd0b07964,d75d21eacf056c54fe6739956c16a8a6d4d7fd75e61fbcf2bc8e8a06fcc3a4cb,borough,most_efficient,Bronx,Root/Sewer/Sidewalk,12.38,0.1373601147776183,1.0923979738782634,0.00821609631359386,25,0.21847959477565268,0.001643219262718772
mean_across_authenticated_inference_seeds_321_345,borough_most_efficient,candidate_d100_delay_median_cap1_borough_c7df3d1fd0b07964,d75d21eacf056c54fe6739956c16a8a6d4d7fd75e61fbcf2bc8e8a06fcc3a4cb,borough,most_efficient,Brooklyn,Hazard,0.2,0.9892085393430685,0.408248290463863,0.0015984973513404998,25,0.08164965809277261,0.00031969947026809996
mean_across_authenticated_inference_seeds_321_345,borough_most_efficient,candidate_d100_delay_median_cap1_borough_c7df3d1fd0b07964,d75d21eacf056c54fe6739956c16a8a6d4d7fd75e61fbcf2bc8e8a06fcc3a4cb,borough,most_efficient,Brooklyn,Illegal Tree Damage,0.0,0.9978394663223585,0.0,0.0004325317676402277,25,0.0,8.650635352804554e-05
mean_across_authenticated_inference_seeds_321_345,borough_most_efficient,candidate_d100_delay_median_cap1_borough_c7df3d1fd0b07964,d75d21eacf056c54fe6739956c16a8a6d4d7fd75e61fbcf2bc8e8a06fcc3a4cb,borough,most_efficient,Brooklyn,Other,0.0,1.0,0.0,0.0,25,0.0,0.0
mean_across_authenticated_inference_seeds_321_345,borough_most_efficient,candidate_d100_delay_median_cap1_borough_c7df3d1fd0b07964,d75d21eacf056c54fe6739956c16a8a6d4d7fd75e61fbcf2bc8e8a06fcc3a4cb,borough,most_efficient,Brooklyn,Prune,17.92,0.17518456479930514,1.5790292376436015,0.004446411393339276,25,0.3158058475287203,0.0008892822786678552
mean_across_authenticated_inference_seeds_321_345,borough_most_efficient,candidate_d100_delay_median_cap1_borough_c7df3d1fd0b07964,d75d21eacf056c54fe6739956c16a8a6d4d7fd75e61fbcf2bc8e8a06fcc3a4cb,borough,most_efficient,Brooklyn,Remove Tree,4.72,0.9384489950701554,0.6782329983125267,0.0041343691903362794,25,0.13564659966250533,0.0008268738380672559
mean_across_authenticated_inference_seeds_321_345,borough_most_efficient,candidate_d100_delay_median_cap1_borough_c7df3d1fd0b07964,d75d21eacf056c54fe6739956c16a8a6d4d7fd75e61fbcf2bc8e8a06fcc3a4cb,borough,most_efficient,Brooklyn,Root/Sewer/Sidewalk,18.2,0.2922788147210798,1.4142135623730951,0.005929164723002529,25,0.282842712474619,0.0011858329446005058
mean_across_authenticated_inference_seeds_321_345,borough_most_efficient,candidate_d100_delay_median_cap1_borough_c7df3d1fd0b07964,d75d21eacf056c54fe6739956c16a8a6d4d7fd75e61fbcf2bc8e8a06fcc3a4cb,borough,most_efficient,Manhattan,Hazard,1.0,0.9657699805068226,0.0,0.0034140152178118994,25,0.0,0.0006828030435623799
mean_across_authenticated_inference_seeds_321_345,borough_most_efficient,candidate_d100_delay_median_cap1_borough_c7df3d1fd0b07964,d75d21eacf056c54fe6739956c16a8a6d4d7fd75e61fbcf2bc8e8a06fcc3a4cb,borough,most_efficient,Manhattan,Illegal Tree Damage,0.04,0.9965704726056043,0.2,0.0012371559563152488,25,0.04,0.0002474311912630498
mean_across_authenticated_inference_seeds_321_345,borough_most_efficient,candidate_d100_delay_median_cap1_borough_c7df3d1fd0b07964,d75d21eacf056c54fe6739956c16a8a6d4d7fd75e61fbcf2bc8e8a06fcc3a4cb,borough,most_efficient,Manhattan,Other,0.16,1.0,0.37416573867739417,0.0,25,0.07483314773547883,0.0
mean_across_authenticated_inference_seeds_321_345,borough_most_efficient,candidate_d100_delay_median_cap1_borough_c7df3d1fd0b07964,d75d21eacf056c54fe6739956c16a8a6d4d7fd75e61fbcf2bc8e8a06fcc3a4cb,borough,most_efficient,Manhattan,Prune,10.14,0.11211364192995342,2.2708295107001466,0.009047688180968428,25,0.45416590214002933,0.0018095376361936856
mean_across_authenticated_inference_seeds_321_345,borough_most_efficient,candidate_d100_delay_median_cap1_borough_c7df3d1fd0b07964,d75d21eacf056c54fe6739956c16a8a6d4d7fd75e61fbcf2bc8e8a06fcc3a4cb,borough,most_efficient,Manhattan,Remove Tree,9.44,0.5542588866532528,0.6506407098647712,0.012077091284620452,25,0.13012814197295425,0.0024154182569240904
mean_across_authenticated_inference_seeds_321_345,borough_most_efficient,candidate_d100_delay_median_cap1_borough_c7df3d1fd0b07964,d75d21eacf056c54fe6739956c16a8a6d4d7fd75e61fbcf2bc8e8a06fcc3a4cb,borough,most_efficient,Manhattan,Root/Sewer/Sidewalk,0.0,0.9874481074481075,0.0,0.004103242380505922,25,0.0,0.0008206484761011844
mean_across_authenticated_inference_seeds_321_345,borough_most_efficient,candidate_d100_delay_median_cap1_borough_c7df3d1fd0b07964,d75d21eacf056c54fe6739956c16a8a6d4d7fd75e61fbcf2bc8e8a06fcc3a4cb,borough,most_efficient,Queens,Hazard,2.44,0.9911262635325079,0.506622805119022,0.0013897359386426692,25,0.10132456102380441,0.00027794718772853385
mean_across_authenticated_inference_seeds_321_345,borough_most_efficient,candidate_d100_delay_median_cap1_borough_c7df3d1fd0b07964,d75d21eacf056c54fe6739956c16a8a6d4d7fd75e61fbcf2bc8e8a06fcc3a4cb,borough,most_efficient,Queens,Illegal Tree Damage,0.0,0.9961253561253561,0.0,0.0007605675382625128,25,0.0,0.00015211350765250255
mean_across_authenticated_inference_seeds_321_345,borough_most_efficient,candidate_d100_delay_median_cap1_borough_c7df3d1fd0b07964,d75d21eacf056c54fe6739956c16a8a6d4d7fd75e61fbcf2bc8e8a06fcc3a4cb,borough,most_efficient,Queens,Other,0.0,0.9927950310559006,0.0,0.0031693478269717054,25,0.0,0.0006338695653943411
mean_across_authenticated_inference_seeds_321_345,borough_most_efficient,candidate_d100_delay_median_cap1_borough_c7df3d1fd0b07964,d75d21eacf056c54fe6739956c16a8a6d4d7fd75e61fbcf2bc8e8a06fcc3a4cb,borough,most_efficient,Queens,Prune,19.2,0.046259419592752885,1.4142135623730947,0.0038335354990810897,25,0.28284271247461895,0.0007667070998162179
mean_across_authenticated_inference_seeds_321_345,borough_most_efficient,candidate_d100_delay_median_cap1_borough_c7df3d1fd0b07964,d75d21eacf056c54fe6739956c16a8a6d4d7fd75e61fbcf2bc8e8a06fcc3a4cb,borough,most_efficient,Queens,Remove Tree,2.0,0.7739666666666666,0.0,0.005507328398594526,25,0.0,0.0011014656797189051
mean_across_authenticated_inference_seeds_321_345,borough_most_efficient,candidate_d100_delay_median_cap1_borough_c7df3d1fd0b07964,d75d21eacf056c54fe6739956c16a8a6d4d7fd75e61fbcf2bc8e8a06fcc3a4cb,borough,most_efficient,Queens,Root/Sewer/Sidewalk,23.42,0.06894732830246204,1.2389511693363868,0.005581526013291497,25,0.24779023386727736,0.0011163052026582994
mean_across_authenticated_inference_seeds_321_345,borough_most_efficient,candidate_d100_delay_median_cap1_borough_c7df3d1fd0b07964,d75d21eacf056c54fe6739956c16a8a6d4d7fd75e61fbcf2bc8e8a06fcc3a4cb,borough,most_efficient,Staten Island,Hazard,1.0,1.0,0.0,0.0,25,0.0,0.0
mean_across_authenticated_inference_seeds_321_345,borough_most_efficient,candidate_d100_delay_median_cap1_borough_c7df3d1fd0b07964,d75d21eacf056c54fe6739956c16a8a6d4d7fd75e61fbcf2bc8e8a06fcc3a4cb,borough,most_efficient,Staten Island,Illegal Tree Damage,6.84,0.8416565656565657,0.9433981132056604,0.017629277235380943,25,0.18867962264113208,0.0035258554470761886
mean_across_authenticated_inference_seeds_321_345,borough_most_efficient,candidate_d100_delay_median_cap1_borough_c7df3d1fd0b07964,d75d21eacf056c54fe6739956c16a8a6d4d7fd75e61fbcf2bc8e8a06fcc3a4cb,borough,most_efficient,Staten Island,Other,0.0,0.9937349397590362,0.0,0.0059205741331983764,25,0.0,0.0011841148266396753
mean_across_authenticated_inference_seeds_321_345,borough_most_efficient,candidate_d100_delay_median_cap1_borough_c7df3d1fd0b07964,d75d21eacf056c54fe6739956c16a8a6d4d7fd75e61fbcf2bc8e8a06fcc3a4cb,borough,most_efficient,Staten Island,Prune,6.42,0.1417970436804517,2.540013123325678,0.0075178904559625595,25,0.5080026246651357,0.0015035780911925119
mean_across_authenticated_inference_seeds_321_345,borough_most_efficient,candidate_d100_delay_median_cap1_borough_c7df3d1fd0b07964,d75d21eacf056c54fe6739956c16a8a6d4d7fd75e61fbcf2bc8e8a06fcc3a4cb,borough,most_efficient,Staten Island,Remove Tree,2.24,0.9268139609349985,0.4358898943540674,0.005814299091692789,25,0.08717797887081348,0.0011628598183385578
mean_across_authenticated_inference_seeds_321_345,borough_most_efficient,candidate_d100_delay_median_cap1_borough_c7df3d1fd0b07964,d75d21eacf056c54fe6739956c16a8a6d4d7fd75e61fbcf2bc8e8a06fcc3a4cb,borough,most_efficient,Staten Island,Root/Sewer/Sidewalk,5.48,0.20781376518218622,0.918331820930394,0.008789878130881348,25,0.1836663641860788,0.0017579756261762696
mean_across_authenticated_inference_seeds_321_345,borough_most_equitable,candidate_d100_delay_median_cap1_borough_9da82092c7ffaf17,3ddf760e53e2891ee7500c6abd9312b54557d9d1d0a4c6d79fb33f498515ea3e,borough,most_equitable,Bronx,Hazard,1.6,0.9344909234411997,0.5,0.004748519543725753,25,0.1,0.0009497039087451506
mean_across_authenticated_inference_seeds_321_345,borough_most_equitable,candidate_d100_delay_median_cap1_borough_9da82092c7ffaf17,3ddf760e53e2891ee7500c6abd9312b54557d9d1d0a4c6d79fb33f498515ea3e,borough,most_equitable,Bronx,Illegal Tree Damage,0.0,0.967921760391198,0.0,0.006025276871326767,25,0.0,0.0012050553742653535
mean_across_authenticated_inference_seeds_321_345,borough_most_equitable,candidate_d100_delay_median_cap1_borough_9da82092c7ffaf17,3ddf760e53e2891ee7500c6abd9312b54557d9d1d0a4c6d79fb33f498515ea3e,borough,most_equitable,Bronx,Other,0.0,0.9957333333333334,0.0,0.003265986323710865,25,0.0,0.0006531972647421731
mean_across_authenticated_inference_seeds_321_345,borough_most_equitable,candidate_d100_delay_median_cap1_borough_9da82092c7ffaf17,3ddf760e53e2891ee7500c6abd9312b54557d9d1d0a4c6d79fb33f498515ea3e,borough,most_equitable,Bronx,Prune,55.7,0.09371826371826368,5.315072906367325,0.013568662853319013,25,1.063014581273465,0.0027137325706638026
mean_across_authenticated_inference_seeds_321_345,borough_most_equitable,candidate_d100_delay_median_cap1_borough_9da82092c7ffaf17,3ddf760e53e2891ee7500c6abd9312b54557d9d1d0a4c6d79fb33f498515ea3e,borough,most_equitable,Bronx,Remove Tree,8.2,0.7226449275362319,0.6454972243679029,0.013967533752257691,25,0.12909944487358058,0.002793506750451538
mean_across_authenticated_inference_seeds_321_345,borough_most_equitable,candidate_d100_delay_median_cap1_borough_9da82092c7ffaf17,3ddf760e53e2891ee7500c6abd9312b54557d9d1d0a4c6d79fb33f498515ea3e,borough,most_equitable,Bronx,Root/Sewer/Sidewalk,1.2,0.9262458153993305,0.40824829046386296,0.00806626476211311,25,0.0816496580927726,0.001613252952422622
mean_across_authenticated_inference_seeds_321_345,borough_most_equitable,candidate_d100_delay_median_cap1_borough_9da82092c7ffaf17,3ddf760e53e2891ee7500c6abd9312b54557d9d1d0a4c6d79fb33f498515ea3e,borough,most_equitable,Brooklyn,Hazard,1.0,0.9435498831014526,0.0,0.0032047079034833834,25,0.0,0.0006409415806966766
mean_across_authenticated_inference_seeds_321_345,borough_most_equitable,candidate_d100_delay_median_cap1_borough_9da82092c7ffaf17,3ddf760e53e2891ee7500c6abd9312b54557d9d1d0a4c6d79fb33f498515ea3e,borough,most_equitable,Brooklyn,Illegal Tree Damage,0.0,0.9971680654185496,0.0,0.0005185501634582388,25,0.0,0.00010371003269164776
mean_across_authenticated_inference_seeds_321_345,borough_most_equitable,candidate_d100_delay_median_cap1_borough_9da82092c7ffaf17,3ddf760e53e2891ee7500c6abd9312b54557d9d1d0a4c6d79fb33f498515ea3e,borough,most_equitable,Brooklyn,Other,0.0,0.9997080291970804,0.0,0.0008069646691861845,25,0.0,0.0001613929338372369
mean_across_authenticated_inference_seeds_321_345,borough_most_equitable,candidate_d100_delay_median_cap1_borough_9da82092c7ffaf17,3ddf760e53e2891ee7500c6abd9312b54557d9d1d0a4c6d79fb33f498515ea3e,borough,most_equitable,Brooklyn,Prune,26.2,0.1445474285005273,2.327373340628156,0.005025236683645159,25,0.4654746681256312,0.0010050473367290318
mean_across_authenticated_inference_seeds_321_345,borough_most_equitable,candidate_d100_delay_median_cap1_borough_9da82092c7ffaf17,3ddf760e53e2891ee7500c6abd9312b54557d9d1d0a4c6d79fb33f498515ea3e,borough,most_equitable,Brooklyn,Remove Tree,9.08,0.714963974213121,0.862167810425172,0.012053629076820694,25,0.1724335620850344,0.002410725815364139
mean_across_authenticated_inference_seeds_321_345,borough_most_equitable,candidate_d100_delay_median_cap1_borough_9da82092c7ffaf17,3ddf760e53e2891ee7500c6abd9312b54557d9d1d0a4c6d79fb33f498515ea3e,borough,most_equitable,Brooklyn,Root/Sewer/Sidewalk,0.0,0.9958241062954761,0.0,0.0010291691076633708,25,0.0,0.00020583382153267416
mean_across_authenticated_inference_seeds_321_345,borough_most_equitable,candidate_d100_delay_median_cap1_borough_9da82092c7ffaf17,3ddf760e53e2891ee7500c6abd9312b54557d9d1d0a4c6d79fb33f498515ea3e,borough,most_equitable,Manhattan,Hazard,1.08,0.9545592376001732,0.27688746209726917,0.0050245656240833925,25,0.05537749241945383,0.0010049131248166786
mean_across_authenticated_inference_seeds_321_345,borough_most_equitable,candidate_d100_delay_median_cap1_borough_9da82092c7ffaf17,3ddf760e53e2891ee7500c6abd9312b54557d9d1d0a4c6d79fb33f498515ea3e,borough,most_equitable,Manhattan,Illegal Tree Damage,1.0,0.9906817231283982,0.0,0.001292023671445454,25,0.0,0.0002584047342890908
mean_across_authenticated_inference_seeds_321_345,borough_most_equitable,candidate_d100_delay_median_cap1_borough_9da82092c7ffaf17,3ddf760e53e2891ee7500c6abd9312b54557d9d1d0a4c6d79fb33f498515ea3e,borough,most_equitable,Manhattan,Other,0.0,0.9934591194968553,0.0,0.0046216787599682495,25,0.0,0.00092433575199365
mean_across_authenticated_inference_seeds_321_345,borough_most_equitable,candidate_d100_delay_median_cap1_borough_9da82092c7ffaf17,3ddf760e53e2891ee7500c6abd9312b54557d9d1d0a4c6d79fb33f498515ea3e,borough,most_equitable,Manhattan,Prune,15.4,0.14324761204996322,3.427827300200523,0.011664781556188759,25,0.6855654600401045,0.002332956311237752
mean_across_authenticated_inference_seeds_321_345,borough_most_equitable,candidate_d100_delay_median_cap1_borough_9da82092c7ffaf17,3ddf760e53e2891ee7500c6abd9312b54557d9d1d0a4c6d79fb33f498515ea3e,borough,most_equitable,Manhattan,Remove Tree,9.2,0.7215112899619942,0.9128709291752768,0.01441258913425032,25,0.18257418583505536,0.002882517826850064
mean_across_authenticated_inference_seeds_321_345,borough_most_equitable,candidate_d100_delay_median_cap1_borough_9da82092c7ffaf17,3ddf760e53e2891ee7500c6abd9312b54557d9d1d0a4c6d79fb33f498515ea3e,borough,most_equitable,Manhattan,Root/Sewer/Sidewalk,0.0,0.9978510378510379,0.0,0.0017722052142512877,25,0.0,0.00035444104285025757
mean_across_authenticated_inference_seeds_321_345,borough_most_equitable,candidate_d100_delay_median_cap1_borough_9da82092c7ffaf17,3ddf760e53e2891ee7500c6abd9312b54557d9d1d0a4c6d79fb33f498515ea3e,borough,most_equitable,Queens,Hazard,0.0,0.9175369340271547,0.0,0.00187770428461338,25,0.0,0.000375540856922676
mean_across_authenticated_inference_seeds_321_345,borough_most_equitable,candidate_d100_delay_median_cap1_borough_9da82092c7ffaf17,3ddf760e53e2891ee7500c6abd9312b54557d9d1d0a4c6d79fb33f498515ea3e,borough,most_equitable,Queens,Illegal Tree Damage,0.0,0.9967365967365968,0.0,0.0005595045064670846,25,0.0,0.00011190090129341692
mean_across_authenticated_inference_seeds_321_345,borough_most_equitable,candidate_d100_delay_median_cap1_borough_9da82092c7ffaf17,3ddf760e53e2891ee7500c6abd9312b54557d9d1d0a4c6d79fb33f498515ea3e,borough,most_equitable,Queens,Other,0.0,0.9966045548654244,0.0,0.0020600153977362854,25,0.0,0.0004120030795472571
mean_across_authenticated_inference_seeds_321_345,borough_most_equitable,candidate_d100_delay_median_cap1_borough_9da82092c7ffaf17,3ddf760e53e2891ee7500c6abd9312b54557d9d1d0a4c6d79fb33f498515ea3e,borough,most_equitable,Queens,Prune,16.6,0.07750948639837524,2.2173557826083448,0.002225367112615753,25,0.44347115652166896,0.00044507342252315057
mean_across_authenticated_inference_seeds_321_345,borough_most_equitable,candidate_d100_delay_median_cap1_borough_9da82092c7ffaf17,3ddf760e53e2891ee7500c6abd9312b54557d9d1d0a4c6d79fb33f498515ea3e,borough,most_equitable,Queens,Remove Tree,2.12,0.6396411764705882,0.33166247903554,0.006328194053963681,25,0.06633249580710801,0.0012656388107927363
mean_across_authenticated_inference_seeds_321_345,borough_most_equitable,candidate_d100_delay_median_cap1_borough_9da82092c7ffaf17,3ddf760e53e2891ee7500c6abd9312b54557d9d1d0a4c6d79fb33f498515ea3e,borough,most_equitable,Queens,Root/Sewer/Sidewalk,5.72,0.1117249790380364,0.8426149773176357,0.002614587807380738,25,0.16852299546352714,0.0005229175614761476
mean_across_authenticated_inference_seeds_321_345,borough_most_equitable,candidate_d100_delay_median_cap1_borough_9da82092c7ffaf17,3ddf760e53e2891ee7500c6abd9312b54557d9d1d0a4c6d79fb33f498515ea3e,borough,most_equitable,Staten Island,Hazard,0.48,0.951732057416268,0.5099019513592785,0.004303427574712012,25,0.10198039027185571,0.0008606855149424023
mean_across_authenticated_inference_seeds_321_345,borough_most_equitable,candidate_d100_delay_median_cap1_borough_9da82092c7ffaf17,3ddf760e53e2891ee7500c6abd9312b54557d9d1d0a4c6d79fb33f498515ea3e,borough,most_equitable,Staten Island,Illegal Tree Damage,0.0,0.9973333333333333,0.0,0.0011980098905493021,25,0.0,0.00023960197810986042
mean_across_authenticated_inference_seeds_321_345,borough_most_equitable,candidate_d100_delay_median_cap1_borough_9da82092c7ffaf17,3ddf760e53e2891ee7500c6abd9312b54557d9d1d0a4c6d79fb33f498515ea3e,borough,most_equitable,Staten Island,Other,0.0,0.9937349397590362,0.0,0.005064064342537544,25,0.0,0.0010128128685075088
mean_across_authenticated_inference_seeds_321_345,borough_most_equitable,candidate_d100_delay_median_cap1_borough_9da82092c7ffaf17,3ddf760e53e2891ee7500c6abd9312b54557d9d1d0a4c6d79fb33f498515ea3e,borough,most_equitable,Staten Island,Prune,25.24,0.1064540773957814,3.7447741364911895,0.0037670880606377045,25,0.7489548272982379,0.0007534176121275409
mean_across_authenticated_inference_seeds_321_345,borough_most_equitable,candidate_d100_delay_median_cap1_borough_9da82092c7ffaf17,3ddf760e53e2891ee7500c6abd9312b54557d9d1d0a4c6d79fb33f498515ea3e,borough,most_equitable,Staten Island,Remove Tree,7.96,0.7016458533461416,0.7348469228349533,0.012078907853159772,25,0.14696938456699066,0.0024157815706319545
mean_across_authenticated_inference_seeds_321_345,borough_most_equitable,candidate_d100_delay_median_cap1_borough_9da82092c7ffaf17,3ddf760e53e2891ee7500c6abd9312b54557d9d1d0a4c6d79fb33f498515ea3e,borough,most_equitable,Staten Island,Root/Sewer/Sidewalk,25.08,0.1374291497975708,3.1612233918743127,0.006962074288555224,25,0.6322446783748625,0.0013924148577110448
mean_across_authenticated_inference_seeds_321_345,city_balanced,candidate_d100_delay_median_cap1_city_8750ba64fb5a6a21,d2155f4ed96c16ec94f65c3dec053214803c3843b41713176a711cbcffbd30c2,city,balanced,Bronx,Hazard,0.0,0.9988634569850039,0.0,0.000401659220008941,25,0.0,8.033184400178819e-05
mean_across_authenticated_inference_seeds_321_345,city_balanced,candidate_d100_delay_median_cap1_city_8750ba64fb5a6a21,d2155f4ed96c16ec94f65c3dec053214803c3843b41713176a711cbcffbd30c2,city,balanced,Bronx,Illegal Tree Damage,0.0,1.0,0.0,0.0,25,0.0,0.0
mean_across_authenticated_inference_seeds_321_345,city_balanced,candidate_d100_delay_median_cap1_city_8750ba64fb5a6a21,d2155f4ed96c16ec94f65c3dec053214803c3843b41713176a711cbcffbd30c2,city,balanced,Bronx,Other,0.0,1.0,0.0,0.0,25,0.0,0.0
mean_across_authenticated_inference_seeds_321_345,city_balanced,candidate_d100_delay_median_cap1_city_8750ba64fb5a6a21,d2155f4ed96c16ec94f65c3dec053214803c3843b41713176a711cbcffbd30c2,city,balanced,Bronx,Prune,2.32,0.1121539721539721,0.47609522856952335,0.003304818840423673,25,0.09521904571390467,0.0006609637680847346
mean_across_authenticated_inference_seeds_321_345,city_balanced,candidate_d100_delay_median_cap1_city_8750ba64fb5a6a21,d2155f4ed96c16ec94f65c3dec053214803c3843b41713176a711cbcffbd30c2,city,balanced,Bronx,Remove Tree,0.28,0.9679438405797102,0.458257569495584,0.003960748228362669,25,0.0916515138991168,0.0007921496456725338
mean_across_authenticated_inference_seeds_321_345,city_balanced,candidate_d100_delay_median_cap1_city_8750ba64fb5a6a21,d2155f4ed96c16ec94f65c3dec053214803c3843b41713176a711cbcffbd30c2,city,balanced,Bronx,Root/Sewer/Sidewalk,4.18,0.1556862745098039,0.9228578799938085,0.0031616938182861525,25,0.1845715759987617,0.0006323387636572305
mean_across_authenticated_inference_seeds_321_345,city_balanced,candidate_d100_delay_median_cap1_city_8750ba64fb5a6a21,d2155f4ed96c16ec94f65c3dec053214803c3843b41713176a711cbcffbd30c2,city,balanced,Brooklyn,Hazard,1.36,0.9900318117358476,0.4898979485566357,0.0007767737429614368,25,0.09797958971132714,0.00015535474859228735
mean_across_authenticated_inference_seeds_321_345,city_balanced,candidate_d100_delay_median_cap1_city_8750ba64fb5a6a21,d2155f4ed96c16ec94f65c3dec053214803c3843b41713176a711cbcffbd30c2,city,balanced,Brooklyn,Illegal Tree Damage,0.0,0.9966516031848505,0.0,0.0004439787138782841,25,0.0,8.879574277565682e-05
mean_across_authenticated_inference_seeds_321_345,city_balanced,candidate_d100_delay_median_cap1_city_8750ba64fb5a6a21,d2155f4ed96c16ec94f65c3dec053214803c3843b41713176a711cbcffbd30c2,city,balanced,Brooklyn,Other,0.0,0.9992214111922141,0.0,0.0011583825512639758,25,0.0,0.00023167651025279514
mean_across_authenticated_inference_seeds_321_345,city_balanced,candidate_d100_delay_median_cap1_city_8750ba64fb5a6a21,d2155f4ed96c16ec94f65c3dec053214803c3843b41713176a711cbcffbd30c2,city,balanced,Brooklyn,Prune,33.04,0.10244307959550836,1.5937377450509222,0.002168284891306971,25,0.31874754901018443,0.0004336569782613942
mean_across_authenticated_inference_seeds_321_345,city_balanced,candidate_d100_delay_median_cap1_city_8750ba64fb5a6a21,d2155f4ed96c16ec94f65c3dec053214803c3843b41713176a711cbcffbd30c2,city,balanced,Brooklyn,Remove Tree,1.12,0.9984338263177854,0.33166247903553997,0.00044393172875208803,25,0.066332495807108,8.878634575041761e-05
mean_across_authenticated_inference_seeds_321_345,city_balanced,candidate_d100_delay_median_cap1_city_8750ba64fb5a6a21,d2155f4ed96c16ec94f65c3dec053214803c3843b41713176a711cbcffbd30c2,city,balanced,Brooklyn,Root/Sewer/Sidewalk,28.8,0.1665042708003796,0.9128709291752771,0.00331160261178213,25,0.1825741858350554,0.000662320522356426
mean_across_authenticated_inference_seeds_321_345,city_balanced,candidate_d100_delay_median_cap1_city_8750ba64fb5a6a21,d2155f4ed96c16ec94f65c3dec053214803c3843b41713176a711cbcffbd30c2,city,balanced,Manhattan,Hazard,0.0,0.9947238466536712,0.0,0.0010935157514719406,25,0.0,0.00021870315029438812
mean_across_authenticated_inference_seeds_321_345,city_balanced,candidate_d100_delay_median_cap1_city_8750ba64fb5a6a21,d2155f4ed96c16ec94f65c3dec053214803c3843b41713176a711cbcffbd30c2,city,balanced,Manhattan,Illegal Tree Damage,0.0,0.991283981597658,0.0,0.0016975054099738686,25,0.0,0.00033950108199477374
mean_across_authenticated_inference_seeds_321_345,city_balanced,candidate_d100_delay_median_cap1_city_8750ba64fb5a6a21,d2155f4ed96c16ec94f65c3dec053214803c3843b41713176a711cbcffbd30c2,city,balanced,Manhattan,Other,0.0,0.9972327044025157,0.0,0.003667265342669997,25,0.0,0.0007334530685339993
mean_across_authenticated_inference_seeds_321_345,city_balanced,candidate_d100_delay_median_cap1_city_8750ba64fb5a6a21,d2155f4ed96c16ec94f65c3dec053214803c3843b41713176a711cbcffbd30c2,city,balanced,Manhattan,Prune,1.12,0.102816556453588,0.33166247903553997,0.002633105302125907,25,0.066332495807108,0.0005266210604251814
mean_across_authenticated_inference_seeds_321_345,city_balanced,candidate_d100_delay_median_cap1_city_8750ba64fb5a6a21,d2155f4ed96c16ec94f65c3dec053214803c3843b41713176a711cbcffbd30c2,city,balanced,Manhattan,Remove Tree,0.0,0.9987927565392354,0.0,0.0006980771292643093,25,0.0,0.00013961542585286187
mean_across_authenticated_inference_seeds_321_345,city_balanced,candidate_d100_delay_median_cap1_city_8750ba64fb5a6a21,d2155f4ed96c16ec94f65c3dec053214803c3843b41713176a711cbcffbd30c2,city,balanced,Manhattan,Root/Sewer/Sidewalk,3.88,0.3322588522588522,0.9385272150200723,0.013335025333895082,25,0.18770544300401446,0.0026670050667790164
mean_across_authenticated_inference_seeds_321_345,city_balanced,candidate_d100_delay_median_cap1_city_8750ba64fb5a6a21,d2155f4ed96c16ec94f65c3dec053214803c3843b41713176a711cbcffbd30c2,city,balanced,Queens,Hazard,2.0,0.9530330761409175,0.0,0.001016921565717012,25,0.0,0.00020338431314340238
mean_across_authenticated_inference_seeds_321_345,city_balanced,candidate_d100_delay_median_cap1_city_8750ba64fb5a6a21,d2155f4ed96c16ec94f65c3dec053214803c3843b41713176a711cbcffbd30c2,city,balanced,Queens,Illegal Tree Damage,0.0,0.9962393162393163,0.0,0.0008658772870059598,25,0.0,0.00017317545740119198
mean_across_authenticated_inference_seeds_321_345,city_balanced,candidate_d100_delay_median_cap1_city_8750ba64fb5a6a21,d2155f4ed96c16ec94f65c3dec053214803c3843b41713176a711cbcffbd30c2,city,balanced,Queens,Other,0.0,0.995031055900621,0.0,0.002154933746859351,25,0.0,0.00043098674937187023
mean_across_authenticated_inference_seeds_321_345,city_balanced,candidate_d100_delay_median_cap1_city_8750ba64fb5a6a21,d2155f4ed96c16ec94f65c3dec053214803c3843b41713176a711cbcffbd30c2,city,balanced,Queens,Prune,5.6,0.0626604671049115,0.816496580927726,0.001358468307088636,25,0.16329931618554522,0.0002716936614177272
mean_across_authenticated_inference_seeds_321_345,city_balanced,candidate_d100_delay_median_cap1_city_8750ba64fb5a6a21,d2155f4ed96c16ec94f65c3dec053214803c3843b41713176a711cbcffbd30c2,city,balanced,Queens,Remove Tree,2.0,0.7920392156862746,0.0,0.003601968433890555,25,0.0,0.000720393686778111
mean_across_authenticated_inference_seeds_321_345,city_balanced,candidate_d100_delay_median_cap1_city_8750ba64fb5a6a21,d2155f4ed96c16ec94f65c3dec053214803c3843b41713176a711cbcffbd30c2,city,balanced,Queens,Root/Sewer/Sidewalk,12.56,0.11749676042381277,0.9609023536933048,0.0020511411276778395,25,0.19218047073866096,0.00041022822553556787
mean_across_authenticated_inference_seeds_321_345,city_balanced,candidate_d100_delay_median_cap1_city_8750ba64fb5a6a21,d2155f4ed96c16ec94f65c3dec053214803c3843b41713176a711cbcffbd30c2,city,balanced,Staten Island,Hazard,0.0,0.9976735778841043,0.0,0.0005662318747770307,25,0.0,0.00011324637495540614
mean_across_authenticated_inference_seeds_321_345,city_balanced,candidate_d100_delay_median_cap1_city_8750ba64fb5a6a21,d2155f4ed96c16ec94f65c3dec053214803c3843b41713176a711cbcffbd30c2,city,balanced,Staten Island,Illegal Tree Damage,0.0,0.9978181818181818,0.0,0.0012935604520066452,25,0.0,0.000258712090401329
mean_across_authenticated_inference_seeds_321_345,city_balanced,candidate_d100_delay_median_cap1_city_8750ba64fb5a6a21,d2155f4ed96c16ec94f65c3dec053214803c3843b41713176a711cbcffbd30c2,city,balanced,Staten Island,Other,0.0,0.998714859437751,0.0,0.0019120290303997081,25,0.0,0.0003824058060799416
mean_across_authenticated_inference_seeds_321_345,city_balanced,candidate_d100_delay_median_cap1_city_8750ba64fb5a6a21,d2155f4ed96c16ec94f65c3dec053214803c3843b41713176a711cbcffbd30c2,city,balanced,Staten Island,Prune,9.62,0.11366882577644905,0.9712534856222312,0.0031512482911493635,25,0.19425069712444626,0.0006302496582298727
mean_across_authenticated_inference_seeds_321_345,city_balanced,candidate_d100_delay_median_cap1_city_8750ba64fb5a6a21,d2155f4ed96c16ec94f65c3dec053214803c3843b41713176a711cbcffbd30c2,city,balanced,Staten Island,Remove Tree,2.2,0.8691770733269293,0.408248290463863,0.005722836448437252,25,0.08164965809277261,0.0011445672896874504
mean_across_authenticated_inference_seeds_321_345,city_balanced,candidate_d100_delay_median_cap1_city_8750ba64fb5a6a21,d2155f4ed96c16ec94f65c3dec053214803c3843b41713176a711cbcffbd30c2,city,balanced,Staten Island,Root/Sewer/Sidewalk,28.34,0.23381241565452085,1.7602083210044577,0.0044598158926291796,25,0.35204166420089156,0.0008919631785258359
mean_across_authenticated_inference_seeds_321_345,city_most_efficient,candidate_d100_delay_median_cap1_city_9df8d9895369c391,d612a94a822bad3632a693e1de6424c1175cb9dbb61b188df984f2fe52136268,city,most_efficient,Bronx,Hazard,0.0,0.9917811102341488,0.0,0.0011954863773867073,25,0.0,0.00023909727547734148
mean_across_authenticated_inference_seeds_321_345,city_most_efficient,candidate_d100_delay_median_cap1_city_9df8d9895369c391,d612a94a822bad3632a693e1de6424c1175cb9dbb61b188df984f2fe52136268,city,most_efficient,Bronx,Illegal Tree Damage,0.0,1.0,0.0,0.0,25,0.0,0.0
mean_across_authenticated_inference_seeds_321_345,city_most_efficient,candidate_d100_delay_median_cap1_city_9df8d9895369c391,d612a94a822bad3632a693e1de6424c1175cb9dbb61b188df984f2fe52136268,city,most_efficient,Bronx,Other,0.0,1.0,0.0,0.0,25,0.0,0.0
mean_across_authenticated_inference_seeds_321_345,city_most_efficient,candidate_d100_delay_median_cap1_city_9df8d9895369c391,d612a94a822bad3632a693e1de6424c1175cb9dbb61b188df984f2fe52136268,city,most_efficient,Bronx,Prune,5.36,0.13090090090090087,0.46815239683960463,0.00398900484416895,25,0.09363047936792093,0.00079780096883379
mean_across_authenticated_inference_seeds_321_345,city_most_efficient,candidate_d100_delay_median_cap1_city_9df8d9895369c391,d612a94a822bad3632a693e1de6424c1175cb9dbb61b188df984f2fe52136268,city,most_efficient,Bronx,Remove Tree,0.0,0.994963768115942,0.0,0.0010924466321781503,25,0.0,0.00021848932643563006
mean_across_authenticated_inference_seeds_321_345,city_most_efficient,candidate_d100_delay_median_cap1_city_9df8d9895369c391,d612a94a822bad3632a693e1de6424c1175cb9dbb61b188df984f2fe52136268,city,most_efficient,Bronx,Root/Sewer/Sidewalk,5.68,0.16709708273553323,0.5567764362830023,0.0033448326571588324,25,0.11135528725660046,0.0006689665314317664
mean_across_authenticated_inference_seeds_321_345,city_most_efficient,candidate_d100_delay_median_cap1_city_9df8d9895369c391,d612a94a822bad3632a693e1de6424c1175cb9dbb61b188df984f2fe52136268,city,most_efficient,Brooklyn,Hazard,1.0,0.9967743666398374,0.0,0.00038114081969852756,25,0.0,7.622816393970551e-05
mean_across_authenticated_inference_seeds_321_345,city_most_efficient,candidate_d100_delay_median_cap1_city_9df8d9895369c391,d612a94a822bad3632a693e1de6424c1175cb9dbb61b188df984f2fe52136268,city,most_efficient,Brooklyn,Illegal Tree Damage,0.0,0.9971594577146545,0.0,0.0005521413212230188,25,0.0,0.00011042826424460376
mean_across_authenticated_inference_seeds_321_345,city_most_efficient,candidate_d100_delay_median_cap1_city_9df8d9895369c391,d612a94a822bad3632a693e1de6424c1175cb9dbb61b188df984f2fe52136268,city,most_efficient,Brooklyn,Other,0.0,1.0,0.0,0.0,25,0.0,0.0
mean_across_authenticated_inference_seeds_321_345,city_most_efficient,candidate_d100_delay_median_cap1_city_9df8d9895369c391,d612a94a822bad3632a693e1de6424c1175cb9dbb61b188df984f2fe52136268,city,most_efficient,Brooklyn,Prune,35.66,0.10330913828401261,1.58587515271537,0.002417202576184399,25,0.317175030543074,0.0004834405152368798
mean_across_authenticated_inference_seeds_321_345,city_most_efficient,candidate_d100_delay_median_cap1_city_9df8d9895369c391,d612a94a822bad3632a693e1de6424c1175cb9dbb61b188df984f2fe52136268,city,most_efficient,Brooklyn,Remove Tree,0.0,0.9985020857034509,0.0,0.0003494081719677789,25,0.0,6.988163439355577e-05
mean_across_authenticated_inference_seeds_321_345,city_most_efficient,candidate_d100_delay_median_cap1_city_9df8d9895369c391,d612a94a822bad3632a693e1de6424c1175cb9dbb61b188df984f2fe52136268,city,most_efficient,Brooklyn,Root/Sewer/Sidewalk,30.02,0.16960033744595587,1.4468356276140473,0.0033939994569404564,25,0.28936712552280947,0.0006787998913880913
mean_across_authenticated_inference_seeds_321_345,city_most_efficient,candidate_d100_delay_median_cap1_city_9df8d9895369c391,d612a94a822bad3632a693e1de6424c1175cb9dbb61b188df984f2fe52136268,city,most_efficient,Manhattan,Hazard,0.0,0.9958761100281568,0.0,0.0008852889210002631,25,0.0,0.0001770577842000526
mean_across_authenticated_inference_seeds_321_345,city_most_efficient,candidate_d100_delay_median_cap1_city_9df8d9895369c391,d612a94a822bad3632a693e1de6424c1175cb9dbb61b188df984f2fe52136268,city,most_efficient,Manhattan,Illegal Tree Damage,0.0,0.9305060644081974,0.0,0.0057759355437214405,25,0.0,0.001155187108744288
mean_across_authenticated_inference_seeds_321_345,city_most_efficient,candidate_d100_delay_median_cap1_city_9df8d9895369c391,d612a94a822bad3632a693e1de6424c1175cb9dbb61b188df984f2fe52136268,city,most_efficient,Manhattan,Other,0.0,0.9964779874213836,0.0,0.004092079936256418,25,0.0,0.0008184159872512836
mean_across_authenticated_inference_seeds_321_345,city_most_efficient,candidate_d100_delay_median_cap1_city_9df8d9895369c391,d612a94a822bad3632a693e1de6424c1175cb9dbb61b188df984f2fe52136268,city,most_efficient,Manhattan,Prune,3.12,0.12074455057555714,0.3316624790355401,0.0029644179370340966,25,0.06633249580710801,0.0005928835874068194
mean_across_authenticated_inference_seeds_321_345,city_most_efficient,candidate_d100_delay_median_cap1_city_9df8d9895369c391,d612a94a822bad3632a693e1de6424c1175cb9dbb61b188df984f2fe52136268,city,most_efficient,Manhattan,Remove Tree,0.0,0.9987391012743125,0.0,0.00045120725846097036,25,0.0,9.024145169219407e-05
mean_across_authenticated_inference_seeds_321_345,city_most_efficient,candidate_d100_delay_median_cap1_city_9df8d9895369c391,d612a94a822bad3632a693e1de6424c1175cb9dbb61b188df984f2fe52136268,city,most_efficient,Manhattan,Root/Sewer/Sidewalk,4.44,0.37982905982905985,0.6344288770224763,0.012391407956879992,25,0.12688577540449525,0.0024782815913759982
mean_across_authenticated_inference_seeds_321_345,city_most_efficient,candidate_d100_delay_median_cap1_city_9df8d9895369c391,d612a94a822bad3632a693e1de6424c1175cb9dbb61b188df984f2fe52136268,city,most_efficient,Queens,Hazard,2.12,1.0,0.33166247903554,0.0,25,0.06633249580710801,0.0
mean_across_authenticated_inference_seeds_321_345,city_most_efficient,candidate_d100_delay_median_cap1_city_9df8d9895369c391,d612a94a822bad3632a693e1de6424c1175cb9dbb61b188df984f2fe52136268,city,most_efficient,Queens,Illegal Tree Damage,0.0,0.9935560735560734,0.0,0.0013711530136297485,25,0.0,0.0002742306027259497
mean_across_authenticated_inference_seeds_321_345,city_most_efficient,candidate_d100_delay_median_cap1_city_9df8d9895369c391,d612a94a822bad3632a693e1de6424c1175cb9dbb61b188df984f2fe52136268,city,most_efficient,Queens,Other,0.0,0.9970186335403727,0.0,0.0013470822150409181,25,0.0,0.0002694164430081836
mean_across_authenticated_inference_seeds_321_345,city_most_efficient,candidate_d100_delay_median_cap1_city_9df8d9895369c391,d612a94a822bad3632a693e1de6424c1175cb9dbb61b188df984f2fe52136268,city,most_efficient,Queens,Prune,7.28,0.06491582491582487,0.6782329983125267,0.0015179146933325166,25,0.13564659966250533,0.0003035829386665033
mean_across_authenticated_inference_seeds_321_345,city_most_efficient,candidate_d100_delay_median_cap1_city_9df8d9895369c391,d612a94a822bad3632a693e1de6424c1175cb9dbb61b188df984f2fe52136268,city,most_efficient,Queens,Remove Tree,3.0,0.6648039215686274,0.0,0.0022250888613392634,25,0.0,0.00044501777226785267
mean_across_authenticated_inference_seeds_321_345,city_most_efficient,candidate_d100_delay_median_cap1_city_9df8d9895369c391,d612a94a822bad3632a693e1de6424c1175cb9dbb61b188df984f2fe52136268,city,most_efficient,Queens,Root/Sewer/Sidewalk,30.9,0.1408217089717204,1.6393596310755005,0.0022202688705975876,25,0.3278719262151001,0.00044405377411951754
mean_across_authenticated_inference_seeds_321_345,city_most_efficient,candidate_d100_delay_median_cap1_city_9df8d9895369c391,d612a94a822bad3632a693e1de6424c1175cb9dbb61b188df984f2fe52136268,city,most_efficient,Staten Island,Hazard,0.04,0.9911451355661882,0.2,0.00133421655062935,25,0.04,0.00026684331012587003
mean_across_authenticated_inference_seeds_321_345,city_most_efficient,candidate_d100_delay_median_cap1_city_9df8d9895369c391,d612a94a822bad3632a693e1de6424c1175cb9dbb61b188df984f2fe52136268,city,most_efficient,Staten Island,Illegal Tree Damage,0.0,0.9982222222222222,0.0,0.001436807292481627,25,0.0,0.0002873614584963254
mean_across_authenticated_inference_seeds_321_345,city_most_efficient,candidate_d100_delay_median_cap1_city_9df8d9895369c391,d612a94a822bad3632a693e1de6424c1175cb9dbb61b188df984f2fe52136268,city,most_efficient,Staten Island,Other,0.0,0.9969477911646587,0.0,0.0020996502197266733,25,0.0,0.0004199300439453347
mean_across_authenticated_inference_seeds_321_345,city_most_efficient,candidate_d100_delay_median_cap1_city_9df8d9895369c391,d612a94a822bad3632a693e1de6424c1175cb9dbb61b188df984f2fe52136268,city,most_efficient,Staten Island,Prune,12.88,0.1211227370868626,1.1390785749894519,0.0029905052962005594,25,0.22781571499789038,0.0005981010592401119
mean_across_authenticated_inference_seeds_321_345,city_most_efficient,candidate_d100_delay_median_cap1_city_9df8d9895369c391,d612a94a822bad3632a693e1de6424c1175cb9dbb61b188df984f2fe52136268,city,most_efficient,Staten Island,Remove Tree,1.0,0.9817034902337496,0.0,0.0016570927451629199,25,0.0,0.000331418549032584
mean_across_authenticated_inference_seeds_321_345,city_most_efficient,candidate_d100_delay_median_cap1_city_9df8d9895369c391,d612a94a822bad3632a693e1de6424c1175cb9dbb61b188df984f2fe52136268,city,most_efficient,Staten Island,Root/Sewer/Sidewalk,7.68,0.17744264507422397,0.6904105059069326,0.003329357276858438,25,0.13808210118138653,0.0006658714553716876
mean_across_authenticated_inference_seeds_321_345,city_most_equitable,candidate_d100_delay_median_cap1_city_a429951251cca526,3852ac842b53163eb7bbac2005f8272aebe91754c390ec2e57a3deec0c756381,city,most_equitable,Bronx,Hazard,1.0,0.9197421731123389,0.0,0.0033449785960643296,25,0.0,0.0006689957192128659
mean_across_authenticated_inference_seeds_321_345,city_most_equitable,candidate_d100_delay_median_cap1_city_a429951251cca526,3852ac842b53163eb7bbac2005f8272aebe91754c390ec2e57a3deec0c756381,city,most_equitable,Bronx,Illegal Tree Damage,0.0,0.9878076609616951,0.0,0.0021236860995592025,25,0.0,0.0004247372199118405
mean_across_authenticated_inference_seeds_321_345,city_most_equitable,candidate_d100_delay_median_cap1_city_a429951251cca526,3852ac842b53163eb7bbac2005f8272aebe91754c390ec2e57a3deec0c756381,city,most_equitable,Bronx,Other,0.0,1.0,0.0,0.0,25,0.0,0.0
mean_across_authenticated_inference_seeds_321_345,city_most_equitable,candidate_d100_delay_median_cap1_city_a429951251cca526,3852ac842b53163eb7bbac2005f8272aebe91754c390ec2e57a3deec0c756381,city,most_equitable,Bronx,Prune,5.56,0.1341195741195741,0.7681145747868607,0.003297516720916238,25,0.15362291495737215,0.0006595033441832476
mean_across_authenticated_inference_seeds_321_345,city_most_equitable,candidate_d100_delay_median_cap1_city_a429951251cca526,3852ac842b53163eb7bbac2005f8272aebe91754c390ec2e57a3deec0c756381,city,most_equitable,Bronx,Remove Tree,0.0,0.9918840579710145,0.0,0.0012837896542625547,25,0.0,0.00025675793085251094
mean_across_authenticated_inference_seeds_321_345,city_most_equitable,candidate_d100_delay_median_cap1_city_a429951251cca526,3852ac842b53163eb7bbac2005f8272aebe91754c390ec2e57a3deec0c756381,city,most_equitable,Bronx,Root/Sewer/Sidewalk,3.32,0.16295552367288377,0.5567764362830022,0.0037972432731796864,25,0.11135528725660045,0.0007594486546359373
mean_across_authenticated_inference_seeds_321_345,city_most_equitable,candidate_d100_delay_median_cap1_city_a429951251cca526,3852ac842b53163eb7bbac2005f8272aebe91754c390ec2e57a3deec0c756381,city,most_equitable,Brooklyn,Hazard,4.96,0.9307807289870069,0.2,0.0020769120946686355,25,0.04,0.0004153824189337271
mean_across_authenticated_inference_seeds_321_345,city_most_equitable,candidate_d100_delay_median_cap1_city_a429951251cca526,3852ac842b53163eb7bbac2005f8272aebe91754c390ec2e57a3deec0c756381,city,most_equitable,Brooklyn,Illegal Tree Damage,0.0,0.9979944049924683,0.0,0.0006768596865123184,25,0.0,0.0001353719373024637
mean_across_authenticated_inference_seeds_321_345,city_most_equitable,candidate_d100_delay_median_cap1_city_a429951251cca526,3852ac842b53163eb7bbac2005f8272aebe91754c390ec2e57a3deec0c756381,city,most_equitable,Brooklyn,Other,0.0,0.9988321167883213,0.0,0.0012406373512390807,25,0.0,0.00024812747024781617
mean_across_authenticated_inference_seeds_321_345,city_most_equitable,candidate_d100_delay_median_cap1_city_a429951251cca526,3852ac842b53163eb7bbac2005f8272aebe91754c390ec2e57a3deec0c756381,city,most_equitable,Brooklyn,Prune,33.42,0.10302872386624477,1.3820274961085257,0.001965794579196501,25,0.27640549922170515,0.0003931589158393002
mean_across_authenticated_inference_seeds_321_345,city_most_equitable,candidate_d100_delay_median_cap1_city_a429951251cca526,3852ac842b53163eb7bbac2005f8272aebe91754c390ec2e57a3deec0c756381,city,most_equitable,Brooklyn,Remove Tree,0.0,0.9995904436860069,0.0,0.00016356673359386065,25,0.0,3.271334671877213e-05
mean_across_authenticated_inference_seeds_321_345,city_most_equitable,candidate_d100_delay_median_cap1_city_a429951251cca526,3852ac842b53163eb7bbac2005f8272aebe91754c390ec2e57a3deec0c756381,city,most_equitable,Brooklyn,Root/Sewer/Sidewalk,34.78,0.17566592850363805,1.3546217184144058,0.004127431290659691,25,0.27092434368288115,0.0008254862581319382
mean_across_authenticated_inference_seeds_321_345,city_most_equitable,candidate_d100_delay_median_cap1_city_a429951251cca526,3852ac842b53163eb7bbac2005f8272aebe91754c390ec2e57a3deec0c756381,city,most_equitable,Manhattan,Hazard,0.0,0.9834004764998917,0.0,0.0020745289192893516,25,0.0,0.00041490578385787035
mean_across_authenticated_inference_seeds_321_345,city_most_equitable,candidate_d100_delay_median_cap1_city_a429951251cca526,3852ac842b53163eb7bbac2005f8272aebe91754c390ec2e57a3deec0c756381,city,most_equitable,Manhattan,Illegal Tree Damage,0.0,0.9648849853617734,0.0,0.0035188955825345984,25,0.0,0.0007037791165069196
mean_across_authenticated_inference_seeds_321_345,city_most_equitable,candidate_d100_delay_median_cap1_city_a429951251cca526,3852ac842b53163eb7bbac2005f8272aebe91754c390ec2e57a3deec0c756381,city,most_equitable,Manhattan,Other,0.0,0.9884276729559748,0.0,0.002353243639480467,25,0.0,0.0004706487278960934
mean_across_authenticated_inference_seeds_321_345,city_most_equitable,candidate_d100_delay_median_cap1_city_a429951251cca526,3852ac842b53163eb7bbac2005f8272aebe91754c390ec2e57a3deec0c756381,city,most_equitable,Manhattan,Prune,15.16,0.17279451383786426,2.0398120828481567,0.004777532580811892,25,0.40796241656963134,0.0009555065161623783
mean_across_authenticated_inference_seeds_321_345,city_most_equitable,candidate_d100_delay_median_cap1_city_a429951251cca526,3852ac842b53163eb7bbac2005f8272aebe91754c390ec2e57a3deec0c756381,city,most_equitable,Manhattan,Remove Tree,0.0,0.9983724569640063,0.0,0.0007512979006560025,25,0.0,0.0001502595801312005
mean_across_authenticated_inference_seeds_321_345,city_most_equitable,candidate_d100_delay_median_cap1_city_a429951251cca526,3852ac842b53163eb7bbac2005f8272aebe91754c390ec2e57a3deec0c756381,city,most_equitable,Manhattan,Root/Sewer/Sidewalk,82.84,1.0,2.8237091446063163,0.0,25,0.5647418289212632,0.0
mean_across_authenticated_inference_seeds_321_345,city_most_equitable,candidate_d100_delay_median_cap1_city_a429951251cca526,3852ac842b53163eb7bbac2005f8272aebe91754c390ec2e57a3deec0c756381,city,most_equitable,Queens,Hazard,2.0,0.9002990609486212,0.0,0.0013606177656821073,25,0.0,0.00027212355313642147
mean_across_authenticated_inference_seeds_321_345,city_most_equitable,candidate_d100_delay_median_cap1_city_a429951251cca526,3852ac842b53163eb7bbac2005f8272aebe91754c390ec2e57a3deec0c756381,city,most_equitable,Queens,Illegal Tree Damage,0.0,0.9992022792022791,0.0,0.00038065108667956356,25,0.0,7.613021733591271e-05
mean_across_authenticated_inference_seeds_321_345,city_most_equitable,candidate_d100_delay_median_cap1_city_a429951251cca526,3852ac842b53163eb7bbac2005f8272aebe91754c390ec2e57a3deec0c756381,city,most_equitable,Queens,Other,0.0,0.9963561076604555,0.0,0.001373343598490842,25,0.0,0.0002746687196981684
mean_across_authenticated_inference_seeds_321_345,city_most_equitable,candidate_d100_delay_median_cap1_city_a429951251cca526,3852ac842b53163eb7bbac2005f8272aebe91754c390ec2e57a3deec0c756381,city,most_equitable,Queens,Prune,11.54,0.07000160333493663,1.3533908033774524,0.0013196210257198225,25,0.2706781606754905,0.0002639242051439645
mean_across_authenticated_inference_seeds_321_345,city_most_equitable,candidate_d100_delay_median_cap1_city_a429951251cca526,3852ac842b53163eb7bbac2005f8272aebe91754c390ec2e57a3deec0c756381,city,most_equitable,Queens,Remove Tree,0.76,0.9036176470588235,0.43588989435406733,0.0032209960844409085,25,0.08717797887081347,0.0006441992168881817
mean_across_authenticated_inference_seeds_321_345,city_most_equitable,candidate_d100_delay_median_cap1_city_a429951251cca526,3852ac842b53163eb7bbac2005f8272aebe91754c390ec2e57a3deec0c756381,city,most_equitable,Queens,Root/Sewer/Sidewalk,15.0,0.12256726884671083,0.49999999999999994,0.002319292430799656,25,0.09999999999999999,0.0004638584861599312
mean_across_authenticated_inference_seeds_321_345,city_most_equitable,candidate_d100_delay_median_cap1_city_a429951251cca526,3852ac842b53163eb7bbac2005f8272aebe91754c390ec2e57a3deec0c756381,city,most_equitable,Staten Island,Hazard,0.0,0.9917745879851142,0.0,0.000672383275013826,25,0.0,0.0001344766550027652
mean_across_authenticated_inference_seeds_321_345,city_most_equitable,candidate_d100_delay_median_cap1_city_a429951251cca526,3852ac842b53163eb7bbac2005f8272aebe91754c390ec2e57a3deec0c756381,city,most_equitable,Staten Island,Illegal Tree Damage,0.0,0.9999595959595959,0.0,0.00020202020202019592,25,0.0,4.0404040404039186e-05
mean_across_authenticated_inference_seeds_321_345,city_most_equitable,candidate_d100_delay_median_cap1_city_a429951251cca526,3852ac842b53163eb7bbac2005f8272aebe91754c390ec2e57a3deec0c756381,city,most_equitable,Staten Island,Other,0.0,0.9971084337349397,0.0,0.0024647861632559566,25,0.0,0.0004929572326511913
mean_across_authenticated_inference_seeds_321_345,city_most_equitable,candidate_d100_delay_median_cap1_city_a429951251cca526,3852ac842b53163eb7bbac2005f8272aebe91754c390ec2e57a3deec0c756381,city,most_equitable,Staten Island,Prune,12.28,0.12562032884902838,0.8906926143924925,0.0031939530446833853,25,0.1781385228784985,0.0006387906089366771
mean_across_authenticated_inference_seeds_321_345,city_most_equitable,candidate_d100_delay_median_cap1_city_a429951251cca526,3852ac842b53163eb7bbac2005f8272aebe91754c390ec2e57a3deec0c756381,city,most_equitable,Staten Island,Remove Tree,0.0,0.994069804674992,0.0,0.0012694957842518577,25,0.0,0.00025389915685037153
mean_across_authenticated_inference_seeds_321_345,city_most_equitable,candidate_d100_delay_median_cap1_city_a429951251cca526,3852ac842b53163eb7bbac2005f8272aebe91754c390ec2e57a3deec0c756381,city,most_equitable,Staten Island,Root/Sewer/Sidewalk,5.62,0.17417004048582993,0.8072587358874889,0.004118017756423223,25,0.16145174717749777,0.0008236035512846447
historical_eventual_outcome_2019,historical_2019,,,historical,historical,Bronx,Hazard,2.0,0.824388318863457,,,1,,
historical_eventual_outcome_2019,historical_2019,,,historical,historical,Bronx,Illegal Tree Damage,14.0,0.8092909535452323,,,1,,
historical_eventual_outcome_2019,historical_2019,,,historical,historical,Bronx,Other,13.0,0.9333333333333333,,,1,,
historical_eventual_outcome_2019,historical_2019,,,historical,historical,Bronx,Prune,17.0,0.8538083538083538,,,1,,
historical_eventual_outcome_2019,historical_2019,,,historical,historical,Bronx,Remove Tree,7.0,0.9001358695652174,,,1,,
historical_eventual_outcome_2019,historical_2019,,,historical,historical,Bronx,Root/Sewer/Sidewalk,22.0,0.56025824964132,,,1,,
historical_eventual_outcome_2019,historical_2019,,,historical,historical,Brooklyn,Hazard,4.0,0.8565022421524664,,,1,,
historical_eventual_outcome_2019,historical_2019,,,historical,historical,Brooklyn,Illegal Tree Damage,10.0,0.9122014202711427,,,1,,
historical_eventual_outcome_2019,historical_2019,,,historical,historical,Brooklyn,Other,13.0,0.7226277372262774,,,1,,
historical_eventual_outcome_2019,historical_2019,,,historical,historical,Brooklyn,Prune,8.0,0.17141261864879956,,,1,,
historical_eventual_outcome_2019,historical_2019,,,historical,historical,Brooklyn,Remove Tree,18.0,0.9354379977246872,,,1,,
historical_eventual_outcome_2019,historical_2019,,,historical,historical,Brooklyn,Root/Sewer/Sidewalk,28.0,0.6567541917114837,,,1,,
historical_eventual_outcome_2019,historical_2019,,,historical,historical,Manhattan,Hazard,1.0,0.7309941520467836,,,1,,
historical_eventual_outcome_2019,historical_2019,,,historical,historical,Manhattan,Illegal Tree Damage,4.0,0.4993726474278545,,,1,,
historical_eventual_outcome_2019,historical_2019,,,historical,historical,Manhattan,Other,3.0,0.9245283018867925,,,1,,
historical_eventual_outcome_2019,historical_2019,,,historical,historical,Manhattan,Prune,8.0,0.861131520940485,,,1,,
historical_eventual_outcome_2019,historical_2019,,,historical,historical,Manhattan,Remove Tree,3.0,0.6284372904091214,,,1,,
historical_eventual_outcome_2019,historical_2019,,,historical,historical,Manhattan,Root/Sewer/Sidewalk,22.0,0.15384615384615385,,,1,,
historical_eventual_outcome_2019,historical_2019,,,historical,historical,Queens,Hazard,1.5,0.842275255697111,,,1,,
historical_eventual_outcome_2019,historical_2019,,,historical,historical,Queens,Illegal Tree Damage,26.0,0.7257187257187258,,,1,,
historical_eventual_outcome_2019,historical_2019,,,historical,historical,Queens,Other,7.0,0.8136645962732919,,,1,,
historical_eventual_outcome_2019,historical_2019,,,historical,historical,Queens,Prune,8.0,0.244668911335578,,,1,,
historical_eventual_outcome_2019,historical_2019,,,historical,historical,Queens,Remove Tree,7.0,0.84,,,1,,
historical_eventual_outcome_2019,historical_2019,,,historical,historical,Queens,Root/Sewer/Sidewalk,22.0,0.6391493254058999,,,1,,
historical_eventual_outcome_2019,historical_2019,,,historical,historical,Staten Island,Hazard,1.0,0.6998405103668262,,,1,,
historical_eventual_outcome_2019,historical_2019,,,historical,historical,Staten Island,Illegal Tree Damage,6.0,0.5121212121212121,,,1,,
historical_eventual_outcome_2019,historical_2019,,,historical,historical,Staten Island,Other,5.0,0.7831325301204819,,,1,,
historical_eventual_outcome_2019,historical_2019,,,historical,historical,Staten Island,Prune,3.0,0.37668161434977576,,,1,,
historical_eventual_outcome_2019,historical_2019,,,historical,historical,Staten Island,Remove Tree,3.0,0.8146013448607109,,,1,,
historical_eventual_outcome_2019,historical_2019,,,historical,historical,Staten Island,Root/Sewer/Sidewalk,27.0,0.6897773279352226,,,1,,
