calendar_year,random_seed,display_role,policy_id,vector_hash,efficiency_loss,equity_loss,historical_efficiency_loss,historical_equity_loss,efficiency_ratio_historical,equity_ratio_historical
2019,321,most_efficient,candidate_d100_delay_median_cap1_borough_c7df3d1fd0b07964,d75d21eacf056c54fe6739956c16a8a6d4d7fd75e61fbcf2bc8e8a06fcc3a4cb,13159234.666666664,933.3863076961936,16419478,1160.1949292345921,0.80144050052423499,0.80450817718361389
2019,322,most_efficient,candidate_d100_delay_median_cap1_borough_c7df3d1fd0b07964,d75d21eacf056c54fe6739956c16a8a6d4d7fd75e61fbcf2bc8e8a06fcc3a4cb,13013759.999999998,959.5222365244875,16419478,1160.1949292345921,0.79258061675285885,0.82703536478780071
2019,323,most_efficient,candidate_d100_delay_median_cap1_borough_c7df3d1fd0b07964,d75d21eacf056c54fe6739956c16a8a6d4d7fd75e61fbcf2bc8e8a06fcc3a4cb,13039981.333333332,972.6205755754635,16419478,1160.1949292345921,0.79417758185329235,0.83832513922218588
2019,324,most_efficient,candidate_d100_delay_median_cap1_borough_c7df3d1fd0b07964,d75d21eacf056c54fe6739956c16a8a6d4d7fd75e61fbcf2bc8e8a06fcc3a4cb,13182592.0,966.4017314856537,16419478,1160.1949292345921,0.80286303864227593,0.8329649674673304
2019,325,most_efficient,candidate_d100_delay_median_cap1_borough_c7df3d1fd0b07964,d75d21eacf056c54fe6739956c16a8a6d4d7fd75e61fbcf2bc8e8a06fcc3a4cb,13086928.66666667,961.3716145085075,16419478,1160.1949292345921,0.79703682825158451,0.82862938828973076
2019,326,most_efficient,candidate_d100_delay_median_cap1_borough_c7df3d1fd0b07964,d75d21eacf056c54fe6739956c16a8a6d4d7fd75e61fbcf2bc8e8a06fcc3a4cb,13061816.666666668,952.7142690321626,16419478,1160.1949292345921,0.79550742518529927,0.8211674133593142
2019,327,most_efficient,candidate_d100_delay_median_cap1_borough_c7df3d1fd0b07964,d75d21eacf056c54fe6739956c16a8a6d4d7fd75e61fbcf2bc8e8a06fcc3a4cb,13065597.999999998,940.1678738157887,16419478,1160.1949292345921,0.79573772077285276,0.81035337263199336
2019,328,most_efficient,candidate_d100_delay_median_cap1_borough_c7df3d1fd0b07964,d75d21eacf056c54fe6739956c16a8a6d4d7fd75e61fbcf2bc8e8a06fcc3a4cb,13178551.333333334,998.8725353311232,16419478,1160.1949292345921,0.80261694880515289,0.86095233668199445
2019,329,most_efficient,candidate_d100_delay_median_cap1_borough_c7df3d1fd0b07964,d75d21eacf056c54fe6739956c16a8a6d4d7fd75e61fbcf2bc8e8a06fcc3a4cb,13176903.333333332,959.5376061497069,16419478,1160.1949292345921,0.80251658020634586,0.82704861223857995
2019,330,most_efficient,candidate_d100_delay_median_cap1_borough_c7df3d1fd0b07964,d75d21eacf056c54fe6739956c16a8a6d4d7fd75e61fbcf2bc8e8a06fcc3a4cb,13085649.333333334,993.5859854794064,16419478,1160.1949292345921,0.79695891266052021,0.85639573182318462
2019,331,most_efficient,candidate_d100_delay_median_cap1_borough_c7df3d1fd0b07964,d75d21eacf056c54fe6739956c16a8a6d4d7fd75e61fbcf2bc8e8a06fcc3a4cb,13104802.0,972.0270161110358,16419478,1160.1949292345921,0.79812537280417806,0.83781353599976938
2019,332,most_efficient,candidate_d100_delay_median_cap1_borough_c7df3d1fd0b07964,d75d21eacf056c54fe6739956c16a8a6d4d7fd75e61fbcf2bc8e8a06fcc3a4cb,13092583.999999998,954.3421852709471,16419478,1160.1949292345921,0.79738125657831493,0.82257055364011034
2019,333,most_efficient,candidate_d100_delay_median_cap1_borough_c7df3d1fd0b07964,d75d21eacf056c54fe6739956c16a8a6d4d7fd75e61fbcf2bc8e8a06fcc3a4cb,13199642.0,994.9605216540531,16419478,1160.1949292345921,0.80390143949765025,0.8575804777137338
2019,334,most_efficient,candidate_d100_delay_median_cap1_borough_c7df3d1fd0b07964,d75d21eacf056c54fe6739956c16a8a6d4d7fd75e61fbcf2bc8e8a06fcc3a4cb,13120299.333333334,937.9805753699306,16419478,1160.1949292345921,0.79906921117305518,0.80846808733144393
2019,335,most_efficient,candidate_d100_delay_median_cap1_borough_c7df3d1fd0b07964,d75d21eacf056c54fe6739956c16a8a6d4d7fd75e61fbcf2bc8e8a06fcc3a4cb,13172140.666666668,946.1199182888059,16419478,1160.1949292345921,0.80222651820396895,0.81548358336041293
2019,336,most_efficient,candidate_d100_delay_median_cap1_borough_c7df3d1fd0b07964,d75d21eacf056c54fe6739956c16a8a6d4d7fd75e61fbcf2bc8e8a06fcc3a4cb,13177533.333333332,933.703606194028,16419478,1160.1949292345921,0.80255494927021021,0.80478166441393972
2019,337,most_efficient,candidate_d100_delay_median_cap1_borough_c7df3d1fd0b07964,d75d21eacf056c54fe6739956c16a8a6d4d7fd75e61fbcf2bc8e8a06fcc3a4cb,13131618.666666666,971.3644904091389,16419478,1160.1949292345921,0.79975859565490848,0.8372424891134207
2019,338,most_efficient,candidate_d100_delay_median_cap1_borough_c7df3d1fd0b07964,d75d21eacf056c54fe6739956c16a8a6d4d7fd75e61fbcf2bc8e8a06fcc3a4cb,13167782.666666666,947.3459893363904,16419478,1160.1949292345921,0.80196110172726964,0.81654036357612492
2019,339,most_efficient,candidate_d100_delay_median_cap1_borough_c7df3d1fd0b07964,d75d21eacf056c54fe6739956c16a8a6d4d7fd75e61fbcf2bc8e8a06fcc3a4cb,13147590.000000002,959.3016125232368,16419478,1160.1949292345921,0.80073130217659794,0.82684520363841851
2019,340,most_efficient,candidate_d100_delay_median_cap1_borough_c7df3d1fd0b07964,d75d21eacf056c54fe6739956c16a8a6d4d7fd75e61fbcf2bc8e8a06fcc3a4cb,13157638.0,952.3656584168323,16419478,1160.1949292345921,0.80134325829359498,0.82086693745949257
2019,341,most_efficient,candidate_d100_delay_median_cap1_borough_c7df3d1fd0b07964,d75d21eacf056c54fe6739956c16a8a6d4d7fd75e61fbcf2bc8e8a06fcc3a4cb,13045877.333333334,964.4656386470704,16419478,1160.1949292345921,0.79453666756844121,0.8312962023401973
2019,342,most_efficient,candidate_d100_delay_median_cap1_borough_c7df3d1fd0b07964,d75d21eacf056c54fe6739956c16a8a6d4d7fd75e61fbcf2bc8e8a06fcc3a4cb,13113710.0,935.4439581520444,16419478,1160.1949292345921,0.79866789918656367,0.80628171575373009
2019,343,most_efficient,candidate_d100_delay_median_cap1_borough_c7df3d1fd0b07964,d75d21eacf056c54fe6739956c16a8a6d4d7fd75e61fbcf2bc8e8a06fcc3a4cb,13167278.666666664,933.3080319847797,16419478,1160.1949292345921,0.80193040647617808,0.80444070945949142
2019,344,most_efficient,candidate_d100_delay_median_cap1_borough_c7df3d1fd0b07964,d75d21eacf056c54fe6739956c16a8a6d4d7fd75e61fbcf2bc8e8a06fcc3a4cb,13276391.999999998,951.1989302397362,16419478,1160.1949292345921,0.80857576592873404,0.81986130629554166
2019,345,most_efficient,candidate_d100_delay_median_cap1_borough_c7df3d1fd0b07964,d75d21eacf056c54fe6739956c16a8a6d4d7fd75e61fbcf2bc8e8a06fcc3a4cb,13181795.999999998,929.4175542390661,16419478,1160.1949292345921,0.80281455963459969,0.80108741283003604
2019,321,balanced,candidate_d100_delay_median_cap1_borough_500e7870e139a8dc,c088e7e14e7fcbbb27edc17239a52daaa7617d1af15dbd8a1b374b47c2e7df82,13271635.333333332,502.1689315977359,16419478,1160.1949292345921,0.80828606934601288,0.43283151731151637
2019,322,balanced,candidate_d100_delay_median_cap1_borough_500e7870e139a8dc,c088e7e14e7fcbbb27edc17239a52daaa7617d1af15dbd8a1b374b47c2e7df82,13287661.333333332,526.6681678712531,16419478,1160.1949292345921,0.80926210524678877,0.45394800011641878
2019,323,balanced,candidate_d100_delay_median_cap1_borough_500e7870e139a8dc,c088e7e14e7fcbbb27edc17239a52daaa7617d1af15dbd8a1b374b47c2e7df82,13249809.999999998,507.55233204709145,16419478,1160.1949292345921,0.80695683504676563,0.43747160003701763
2019,324,balanced,candidate_d100_delay_median_cap1_borough_500e7870e139a8dc,c088e7e14e7fcbbb27edc17239a52daaa7617d1af15dbd8a1b374b47c2e7df82,13233783.333333336,532.5265349308054,16419478,1160.1949292345921,0.80598075854380602,0.45899746802214147
2019,325,balanced,candidate_d100_delay_median_cap1_borough_500e7870e139a8dc,c088e7e14e7fcbbb27edc17239a52daaa7617d1af15dbd8a1b374b47c2e7df82,13134895.999999998,538.7660485386244,16419478,1160.1949292345921,0.79995819599137064,0.46437545533323532
2019,326,balanced,candidate_d100_delay_median_cap1_borough_500e7870e139a8dc,c088e7e14e7fcbbb27edc17239a52daaa7617d1af15dbd8a1b374b47c2e7df82,13364438.666666664,494.3073687319503,16419478,1160.1949292345921,0.81393809636741588,0.42605544661193834
2019,327,balanced,candidate_d100_delay_median_cap1_borough_500e7870e139a8dc,c088e7e14e7fcbbb27edc17239a52daaa7617d1af15dbd8a1b374b47c2e7df82,13226359.333333334,528.0479897730291,16419478,1160.1949292345921,0.80552861262296727,0.45513730190270252
2019,328,balanced,candidate_d100_delay_median_cap1_borough_500e7870e139a8dc,c088e7e14e7fcbbb27edc17239a52daaa7617d1af15dbd8a1b374b47c2e7df82,13301459.333333334,509.39459046511996,16419478,1160.1949292345921,0.81010244864869241,0.4390594870132552
2019,329,balanced,candidate_d100_delay_median_cap1_borough_500e7870e139a8dc,c088e7e14e7fcbbb27edc17239a52daaa7617d1af15dbd8a1b374b47c2e7df82,13240330.666666666,526.4669759452484,16419478,1160.1949292345921,0.80637951259270646,0.45377458794150305
2019,330,balanced,candidate_d100_delay_median_cap1_borough_500e7870e139a8dc,c088e7e14e7fcbbb27edc17239a52daaa7617d1af15dbd8a1b374b47c2e7df82,13304815.333333332,520.6893863844982,16419478,1160.1949292345921,0.81030684004286446,0.44879474411081011
2019,331,balanced,candidate_d100_delay_median_cap1_borough_500e7870e139a8dc,c088e7e14e7fcbbb27edc17239a52daaa7617d1af15dbd8a1b374b47c2e7df82,13161057.333333334,512.1310158819263,16419478,1160.1949292345921,0.80155150689524568,0.44141807809812711
2019,332,balanced,candidate_d100_delay_median_cap1_borough_500e7870e139a8dc,c088e7e14e7fcbbb27edc17239a52daaa7617d1af15dbd8a1b374b47c2e7df82,13236754.0,488.2935159021175,16419478,1160.1949292345921,0.80616168187563575,0.42087196176961078
2019,333,balanced,candidate_d100_delay_median_cap1_borough_500e7870e139a8dc,c088e7e14e7fcbbb27edc17239a52daaa7617d1af15dbd8a1b374b47c2e7df82,13385850.666666668,527.9155311111251,16419478,1160.1949292345921,0.81524215731259353,0.45502313258635202
2019,334,balanced,candidate_d100_delay_median_cap1_borough_500e7870e139a8dc,c088e7e14e7fcbbb27edc17239a52daaa7617d1af15dbd8a1b374b47c2e7df82,13280539.333333332,514.2412513425434,16419478,1160.1949292345921,0.80882835211529458,0.44323694095250049
2019,335,balanced,candidate_d100_delay_median_cap1_borough_500e7870e139a8dc,c088e7e14e7fcbbb27edc17239a52daaa7617d1af15dbd8a1b374b47c2e7df82,13363038.666666666,494.0816836296732,16419478,1160.1949292345921,0.81385283178105094,0.42586092317747892
2019,336,balanced,candidate_d100_delay_median_cap1_borough_500e7870e139a8dc,c088e7e14e7fcbbb27edc17239a52daaa7617d1af15dbd8a1b374b47c2e7df82,13350450.666666668,501.5415726751696,16419478,1160.1949292345921,0.81308618134307731,0.43229078152069533
2019,337,balanced,candidate_d100_delay_median_cap1_borough_500e7870e139a8dc,c088e7e14e7fcbbb27edc17239a52daaa7617d1af15dbd8a1b374b47c2e7df82,13253672.666666668,521.4958655344534,16419478,1160.1949292345921,0.80719208410076548,0.44948986794701518
2019,338,balanced,candidate_d100_delay_median_cap1_borough_500e7870e139a8dc,c088e7e14e7fcbbb27edc17239a52daaa7617d1af15dbd8a1b374b47c2e7df82,13305676.666666664,526.7808317128694,16419478,1160.1949292345921,0.81035929806457085,0.45404510779959972
2019,339,balanced,candidate_d100_delay_median_cap1_borough_500e7870e139a8dc,c088e7e14e7fcbbb27edc17239a52daaa7617d1af15dbd8a1b374b47c2e7df82,13242055.333333336,522.9158106546798,16419478,1160.1949292345921,0.80648455044267153,0.45071375290328125
2019,340,balanced,candidate_d100_delay_median_cap1_borough_500e7870e139a8dc,c088e7e14e7fcbbb27edc17239a52daaa7617d1af15dbd8a1b374b47c2e7df82,13305756.666666666,525.0007688516915,16419478,1160.1949292345921,0.81036417032664898,0.45251082867432191
2019,341,balanced,candidate_d100_delay_median_cap1_borough_500e7870e139a8dc,c088e7e14e7fcbbb27edc17239a52daaa7617d1af15dbd8a1b374b47c2e7df82,13389933.333333332,536.9860984209137,16419478,1160.1949292345921,0.81549080508730742,0.46284127338427172
2019,342,balanced,candidate_d100_delay_median_cap1_borough_500e7870e139a8dc,c088e7e14e7fcbbb27edc17239a52daaa7617d1af15dbd8a1b374b47c2e7df82,13261307.333333332,512.8775349151922,16419478,1160.1949292345921,0.80765706031174267,0.44206152086317907
2019,343,balanced,candidate_d100_delay_median_cap1_borough_500e7870e139a8dc,c088e7e14e7fcbbb27edc17239a52daaa7617d1af15dbd8a1b374b47c2e7df82,13281860.666666666,516.2586167334752,16419478,1160.1949292345921,0.80890882564394961,0.44497575685325835
2019,344,balanced,candidate_d100_delay_median_cap1_borough_500e7870e139a8dc,c088e7e14e7fcbbb27edc17239a52daaa7617d1af15dbd8a1b374b47c2e7df82,13180987.333333332,540.8589738879128,16419478,1160.1949292345921,0.80276530918542799,0.46617939818503623
2019,345,balanced,candidate_d100_delay_median_cap1_borough_500e7870e139a8dc,c088e7e14e7fcbbb27edc17239a52daaa7617d1af15dbd8a1b374b47c2e7df82,13206215.333333336,531.499107625819,16419478,1160.1949292345921,0.80430177703172634,0.45811190364059035
2019,321,most_equitable,candidate_d100_delay_median_cap1_borough_9da82092c7ffaf17,3ddf760e53e2891ee7500c6abd9312b54557d9d1d0a4c6d79fb33f498515ea3e,14845634.666666668,504.2111762115931,16419478,1160.1949292345921,0.90414778512853256,0.4345917772147419
2019,322,most_equitable,candidate_d100_delay_median_cap1_borough_9da82092c7ffaf17,3ddf760e53e2891ee7500c6abd9312b54557d9d1d0a4c6d79fb33f498515ea3e,14818645.999999998,497.1200639999808,16419478,1160.1949292345921,0.90250408691433415,0.42847977652164243
2019,323,most_equitable,candidate_d100_delay_median_cap1_borough_9da82092c7ffaf17,3ddf760e53e2891ee7500c6abd9312b54557d9d1d0a4c6d79fb33f498515ea3e,14826396.0,511.2172602155995,16419478,1160.1949292345921,0.90297608730314083,0.4406304900443424
2019,324,most_equitable,candidate_d100_delay_median_cap1_borough_9da82092c7ffaf17,3ddf760e53e2891ee7500c6abd9312b54557d9d1d0a4c6d79fb33f498515ea3e,14874218.66666667,481.29180465204035,16419478,1160.1949292345921,0.90588864436900307,0.41483701792211752
2019,325,most_equitable,candidate_d100_delay_median_cap1_borough_9da82092c7ffaf17,3ddf760e53e2891ee7500c6abd9312b54557d9d1d0a4c6d79fb33f498515ea3e,14853175.333333334,502.0190214278556,16419478,1160.1949292345921,0.90460703643156826,0.43270230611941163
2019,326,most_equitable,candidate_d100_delay_median_cap1_borough_9da82092c7ffaf17,3ddf760e53e2891ee7500c6abd9312b54557d9d1d0a4c6d79fb33f498515ea3e,14830026.000000002,511.6421811870092,16419478,1160.1949292345921,0.90319716619493029,0.44099673968110825
2019,327,most_equitable,candidate_d100_delay_median_cap1_borough_9da82092c7ffaf17,3ddf760e53e2891ee7500c6abd9312b54557d9d1d0a4c6d79fb33f498515ea3e,14761448.0,541.8290725755851,16419478,1160.1949292345921,0.89902054133511433,0.46701554964823239
2019,328,most_equitable,candidate_d100_delay_median_cap1_borough_9da82092c7ffaf17,3ddf760e53e2891ee7500c6abd9312b54557d9d1d0a4c6d79fb33f498515ea3e,14835641.333333336,490.5063237909784,16419478,1160.1949292345921,0.90353915839062215,0.42277923427451708
2019,329,most_equitable,candidate_d100_delay_median_cap1_borough_9da82092c7ffaf17,3ddf760e53e2891ee7500c6abd9312b54557d9d1d0a4c6d79fb33f498515ea3e,14801691.333333336,502.4297811285661,16419478,1160.1949292345921,0.90147149217126976,0.43305634981531149
2019,330,most_equitable,candidate_d100_delay_median_cap1_borough_9da82092c7ffaf17,3ddf760e53e2891ee7500c6abd9312b54557d9d1d0a4c6d79fb33f498515ea3e,14775142.666666666,492.7132029290191,16419478,1160.1949292345921,0.89985459139850033,0.42468139664605636
2019,331,most_equitable,candidate_d100_delay_median_cap1_borough_9da82092c7ffaf17,3ddf760e53e2891ee7500c6abd9312b54557d9d1d0a4c6d79fb33f498515ea3e,14831507.999999998,472.2037031425906,16419478,1160.1949292345921,0.90328742484992508,0.40700376397448529
2019,332,most_equitable,candidate_d100_delay_median_cap1_borough_9da82092c7ffaf17,3ddf760e53e2891ee7500c6abd9312b54557d9d1d0a4c6d79fb33f498515ea3e,14818336.666666668,484.9346055156002,16419478,1160.1949292345921,0.90248524750096615,0.41797683587147116
2019,333,most_equitable,candidate_d100_delay_median_cap1_borough_9da82092c7ffaf17,3ddf760e53e2891ee7500c6abd9312b54557d9d1d0a4c6d79fb33f498515ea3e,14808682.000000002,512.8329000253541,16419478,1160.1949292345921,0.90189724667251914,0.44202304897478051
2019,334,most_equitable,candidate_d100_delay_median_cap1_borough_9da82092c7ffaf17,3ddf760e53e2891ee7500c6abd9312b54557d9d1d0a4c6d79fb33f498515ea3e,14760879.333333334,472.310594153035,16419478,1160.1949292345921,0.89898590767217657,0.40709589591520579
2019,335,most_equitable,candidate_d100_delay_median_cap1_borough_9da82092c7ffaf17,3ddf760e53e2891ee7500c6abd9312b54557d9d1d0a4c6d79fb33f498515ea3e,14826586.000000002,468.3473881768064,16419478,1160.1949292345921,0.9029876589255762,0.40367991306925138
2019,336,most_equitable,candidate_d100_delay_median_cap1_borough_9da82092c7ffaf17,3ddf760e53e2891ee7500c6abd9312b54557d9d1d0a4c6d79fb33f498515ea3e,14824314.666666668,468.47189267699054,16419478,1160.1949292345921,0.90284932728474487,0.40378722650171595
2019,337,most_equitable,candidate_d100_delay_median_cap1_borough_9da82092c7ffaf17,3ddf760e53e2891ee7500c6abd9312b54557d9d1d0a4c6d79fb33f498515ea3e,14852087.333333332,503.29841411650506,16419478,1160.1949292345921,0.90454077366730734,0.43380504554397842
2019,338,most_equitable,candidate_d100_delay_median_cap1_borough_9da82092c7ffaf17,3ddf760e53e2891ee7500c6abd9312b54557d9d1d0a4c6d79fb33f498515ea3e,14795406.0,496.27574794259476,16419478,1160.1949292345921,0.90108869478067455,0.42775204014208162
2019,339,most_equitable,candidate_d100_delay_median_cap1_borough_9da82092c7ffaf17,3ddf760e53e2891ee7500c6abd9312b54557d9d1d0a4c6d79fb33f498515ea3e,14857383.333333334,494.19125374416063,16419478,1160.1949292345921,0.9048633174168712,0.42595536430260922
2019,340,most_equitable,candidate_d100_delay_median_cap1_borough_9da82092c7ffaf17,3ddf760e53e2891ee7500c6abd9312b54557d9d1d0a4c6d79fb33f498515ea3e,14793091.333333338,483.6655510942531,16419478,1160.1949292345921,0.90094772399788459,0.41688300724890998
2019,341,most_equitable,candidate_d100_delay_median_cap1_borough_9da82092c7ffaf17,3ddf760e53e2891ee7500c6abd9312b54557d9d1d0a4c6d79fb33f498515ea3e,14761072.000000002,483.06359110819176,16419478,1160.1949292345921,0.89899764170334784,0.41636416341422916
2019,342,most_equitable,candidate_d100_delay_median_cap1_borough_9da82092c7ffaf17,3ddf760e53e2891ee7500c6abd9312b54557d9d1d0a4c6d79fb33f498515ea3e,14791918.66666667,509.5593257059172,16419478,1160.1949292345921,0.9008763047562578,0.43920147629164824
2019,343,most_equitable,candidate_d100_delay_median_cap1_borough_9da82092c7ffaf17,3ddf760e53e2891ee7500c6abd9312b54557d9d1d0a4c6d79fb33f498515ea3e,14792082.0,506.0065196264801,16419478,1160.1949292345921,0.90088625229133346,0.43613922701791541
2019,344,most_equitable,candidate_d100_delay_median_cap1_borough_9da82092c7ffaf17,3ddf760e53e2891ee7500c6abd9312b54557d9d1d0a4c6d79fb33f498515ea3e,14786275.999999998,471.3886931327054,16419478,1160.1949292345921,0.90053264787102238,0.40630128718429376
2019,345,most_equitable,candidate_d100_delay_median_cap1_borough_9da82092c7ffaf17,3ddf760e53e2891ee7500c6abd9312b54557d9d1d0a4c6d79fb33f498515ea3e,14881250.666666668,497.9833324509966,16419478,1160.1949292345921,0.90631691620565935,0.42922384842651218
2021,321,most_efficient,candidate_d100_delay_median_cap1_borough_c7df3d1fd0b07964,d75d21eacf056c54fe6739956c16a8a6d4d7fd75e61fbcf2bc8e8a06fcc3a4cb,16163533.333333334,1128.6992566951312,21333512,1687.8732860535422,0.7576592796035333,0.66871089555198215
2021,322,most_efficient,candidate_d100_delay_median_cap1_borough_c7df3d1fd0b07964,d75d21eacf056c54fe6739956c16a8a6d4d7fd75e61fbcf2bc8e8a06fcc3a4cb,16237520.666666668,1138.8955811928918,21333512,1687.8732860535422,0.76112740680796809,0.67475182562772318
2021,323,most_efficient,candidate_d100_delay_median_cap1_borough_c7df3d1fd0b07964,d75d21eacf056c54fe6739956c16a8a6d4d7fd75e61fbcf2bc8e8a06fcc3a4cb,16211622.666666666,1134.6251360994452,21333512,1687.8732860535422,0.75991344822487106,0.67222175116731653
2021,324,most_efficient,candidate_d100_delay_median_cap1_borough_c7df3d1fd0b07964,d75d21eacf056c54fe6739956c16a8a6d4d7fd75e61fbcf2bc8e8a06fcc3a4cb,16080072.666666664,1079.3956200473658,21333512,1687.8732860535422,0.75374709361809078,0.63950038724241387
2021,325,most_efficient,candidate_d100_delay_median_cap1_borough_c7df3d1fd0b07964,d75d21eacf056c54fe6739956c16a8a6d4d7fd75e61fbcf2bc8e8a06fcc3a4cb,16122216.666666668,1125.027612825524,21333512,1687.8732860535422,0.75572257707341706,0.66653558778454203
2021,321,balanced,candidate_d100_delay_median_cap1_borough_500e7870e139a8dc,c088e7e14e7fcbbb27edc17239a52daaa7617d1af15dbd8a1b374b47c2e7df82,15773174.666666664,888.6011073239453,21333512,1687.8732860535422,0.73936137034852323,0.52646197713194764
2021,322,balanced,candidate_d100_delay_median_cap1_borough_500e7870e139a8dc,c088e7e14e7fcbbb27edc17239a52daaa7617d1af15dbd8a1b374b47c2e7df82,15804541.999999998,876.2841445983843,21333512,1687.8732860535422,0.74083170178449742,0.51916465047399718
2021,323,balanced,candidate_d100_delay_median_cap1_borough_500e7870e139a8dc,c088e7e14e7fcbbb27edc17239a52daaa7617d1af15dbd8a1b374b47c2e7df82,15549210.666666666,871.4448144152664,21333512,1687.8732860535422,0.72886314577115419,0.5162975334794313
2021,324,balanced,candidate_d100_delay_median_cap1_borough_500e7870e139a8dc,c088e7e14e7fcbbb27edc17239a52daaa7617d1af15dbd8a1b374b47c2e7df82,15652708.0,879.7023444936997,21333512,1687.8732860535422,0.73371454264070535,0.52118980243508284
2021,325,balanced,candidate_d100_delay_median_cap1_borough_500e7870e139a8dc,c088e7e14e7fcbbb27edc17239a52daaa7617d1af15dbd8a1b374b47c2e7df82,15797815.333333336,881.217924214624,21333512,1687.8732860535422,0.74051639192521779,0.5220877251248055
2021,321,most_equitable,candidate_d100_delay_median_cap1_borough_9da82092c7ffaf17,3ddf760e53e2891ee7500c6abd9312b54557d9d1d0a4c6d79fb33f498515ea3e,14617191.333333334,772.0334429159907,21333512,1687.8732860535422,0.68517510540849225,0.45740011960323218
2021,322,most_equitable,candidate_d100_delay_median_cap1_borough_9da82092c7ffaf17,3ddf760e53e2891ee7500c6abd9312b54557d9d1d0a4c6d79fb33f498515ea3e,14570661.333333336,764.9825441202811,21333512,1687.8732860535422,0.68299402992499947,0.45322273327099422
2021,323,most_equitable,candidate_d100_delay_median_cap1_borough_9da82092c7ffaf17,3ddf760e53e2891ee7500c6abd9312b54557d9d1d0a4c6d79fb33f498515ea3e,14700169.333333334,774.6615436154393,21333512,1687.8732860535422,0.68906466658341736,0.45895716818096838
2021,324,most_equitable,candidate_d100_delay_median_cap1_borough_9da82092c7ffaf17,3ddf760e53e2891ee7500c6abd9312b54557d9d1d0a4c6d79fb33f498515ea3e,14637479.999999998,756.2635941356266,21333512,1687.8732860535422,0.68612612869367207,0.44805709076886036
2021,325,most_equitable,candidate_d100_delay_median_cap1_borough_9da82092c7ffaf17,3ddf760e53e2891ee7500c6abd9312b54557d9d1d0a4c6d79fb33f498515ea3e,14665761.333333334,784.9331887932647,21333512,1687.8732860535422,0.68745180509113235,0.46504272286252968
2022,321,most_efficient,candidate_d100_delay_median_cap1_borough_c7df3d1fd0b07964,d75d21eacf056c54fe6739956c16a8a6d4d7fd75e61fbcf2bc8e8a06fcc3a4cb,12514829.333333332,812.0951223224562,18961616,1301.4992474074063,0.66000858435975773,0.62396895268295705
2022,322,most_efficient,candidate_d100_delay_median_cap1_borough_c7df3d1fd0b07964,d75d21eacf056c54fe6739956c16a8a6d4d7fd75e61fbcf2bc8e8a06fcc3a4cb,12477460.000000002,785.5319483129031,18961616,1301.4992474074063,0.65803779593469258,0.60355927971352041
2022,323,most_efficient,candidate_d100_delay_median_cap1_borough_c7df3d1fd0b07964,d75d21eacf056c54fe6739956c16a8a6d4d7fd75e61fbcf2bc8e8a06fcc3a4cb,12582774.666666668,834.2222645535087,18961616,1301.4992474074063,0.66359189357419046,0.64097022431267947
2022,324,most_efficient,candidate_d100_delay_median_cap1_borough_c7df3d1fd0b07964,d75d21eacf056c54fe6739956c16a8a6d4d7fd75e61fbcf2bc8e8a06fcc3a4cb,12498625.333333332,822.449880363368,18961616,1301.4992474074063,0.65915401584618805,0.63192497575522444
2022,325,most_efficient,candidate_d100_delay_median_cap1_borough_c7df3d1fd0b07964,d75d21eacf056c54fe6739956c16a8a6d4d7fd75e61fbcf2bc8e8a06fcc3a4cb,12531078.0,786.2101245861184,18961616,1301.4992474074063,0.66086550850940129,0.6040803528332831
2022,321,balanced,candidate_d100_delay_median_cap1_borough_500e7870e139a8dc,c088e7e14e7fcbbb27edc17239a52daaa7617d1af15dbd8a1b374b47c2e7df82,12545897.999999998,648.5957150980964,18961616,1301.4992474074063,0.66164708746343126,0.49834505581935806
2022,322,balanced,candidate_d100_delay_median_cap1_borough_500e7870e139a8dc,c088e7e14e7fcbbb27edc17239a52daaa7617d1af15dbd8a1b374b47c2e7df82,12593088.666666666,637.6285749291216,18961616,1301.4992474074063,0.66413583455474823,0.48991851220757998
2022,323,balanced,candidate_d100_delay_median_cap1_borough_500e7870e139a8dc,c088e7e14e7fcbbb27edc17239a52daaa7617d1af15dbd8a1b374b47c2e7df82,12593640.0,637.5427298960734,18961616,1301.4992474074063,0.66416491083882301,0.48985255363463487
2022,324,balanced,candidate_d100_delay_median_cap1_borough_500e7870e139a8dc,c088e7e14e7fcbbb27edc17239a52daaa7617d1af15dbd8a1b374b47c2e7df82,12649166.000000002,619.8028077442048,18961616,1301.4992474074063,0.6670932477485042,0.47622217913598902
2022,325,balanced,candidate_d100_delay_median_cap1_borough_500e7870e139a8dc,c088e7e14e7fcbbb27edc17239a52daaa7617d1af15dbd8a1b374b47c2e7df82,12640884.0,675.6294101733588,18961616,1301.4992474074063,0.66665647062992939,0.51911625113822868
2022,321,most_equitable,candidate_d100_delay_median_cap1_borough_9da82092c7ffaf17,3ddf760e53e2891ee7500c6abd9312b54557d9d1d0a4c6d79fb33f498515ea3e,13612514.666666666,665.9708995362753,18961616,1301.4992474074063,0.71789844634901723,0.51169518604247599
2022,322,most_equitable,candidate_d100_delay_median_cap1_borough_9da82092c7ffaf17,3ddf760e53e2891ee7500c6abd9312b54557d9d1d0a4c6d79fb33f498515ea3e,13581150.0,705.1107952056252,18961616,1301.4992474074063,0.71624433276151145,0.54176811597103092
2022,323,most_equitable,candidate_d100_delay_median_cap1_borough_9da82092c7ffaf17,3ddf760e53e2891ee7500c6abd9312b54557d9d1d0a4c6d79fb33f498515ea3e,13621669.333333332,702.7374253195378,18961616,1301.4992474074063,0.7183812462678989,0.5399445498869051
2022,324,most_equitable,candidate_d100_delay_median_cap1_borough_9da82092c7ffaf17,3ddf760e53e2891ee7500c6abd9312b54557d9d1d0a4c6d79fb33f498515ea3e,13619766.0,676.3407932922757,18961616,1301.4992474074063,0.71828086804415825,0.51966283856064488
2022,325,most_equitable,candidate_d100_delay_median_cap1_borough_9da82092c7ffaf17,3ddf760e53e2891ee7500c6abd9312b54557d9d1d0a4c6d79fb33f498515ea3e,13606702.0,712.0046254515489,18961616,1301.4992474074063,0.71759189723070016,0.54706495364470331
