setting_id,policy_id,budget_group,n_seeds,objective,efficiency_ratio_historical,equity_ratio_historical
d100_delay_median_cap1,candidate_d100_delay_median_cap1_borough_3a64bdaa3e1c3693,borough,25,delay_median,0.8040762773741448,0.7642090670367522
d100_delay_median_cap1,candidate_d100_delay_median_cap1_borough_500e7870e139a8dc,borough,25,delay_median,0.8083578426386839,0.4468030734702343
d100_delay_median_cap1,candidate_d100_delay_median_cap1_borough_9da82092c7ffaf17,borough,25,delay_median,0.9023499870093312,0.42611851127066275
d100_delay_median_cap1,candidate_d100_delay_median_cap1_borough_ae9ecb22e3928308,borough,25,delay_median,0.8224472779625922,0.4459003535169358
d100_delay_median_cap1,candidate_d100_delay_median_cap1_borough_c7df3d1fd0b07964,borough,25,delay_median,0.7998005783131473,0.8247416298644634
d100_delay_median_cap1,candidate_d100_delay_median_cap1_borough_e4facaacd4b5abb0,borough,25,delay_median,0.8058863519696952,0.5108747791706472
d100_delay_median_cap1,candidate_d100_delay_median_cap1_city_434b2a9b9ba6f732,city,25,delay_median,0.8028197648345865,0.26374713404855815
d100_delay_median_cap1,candidate_d100_delay_median_cap1_city_8750ba64fb5a6a21,city,25,delay_median,0.7641755253526736,0.3106274360668492
d100_delay_median_cap1,candidate_d100_delay_median_cap1_city_90a5f1430078c07d,city,25,delay_median,0.7619299825893776,0.4141003072093163
d100_delay_median_cap1,candidate_d100_delay_median_cap1_city_9df8d9895369c391,city,25,delay_median,0.7592787151942345,0.4232400732009128
d100_delay_median_cap1,candidate_d100_delay_median_cap1_city_a429951251cca526,city,25,delay_median,0.8042469072402911,0.2510825778363991
d100_delay_median_cap1,candidate_d100_delay_median_cap1_city_b3b4deeaed1fca64,city,25,delay_median,0.7964370527897823,0.30593107530643293
d100_delay_75_cap1,candidate_d100_delay_75_cap1_borough_3da40031d57e37ec,borough,25,delay_75,0.4731538218329684,0.10234763844385268
d100_delay_75_cap1,candidate_d100_delay_75_cap1_borough_c716dc31c34a1fa7,borough,25,delay_75,0.4728261233277383,0.1649943777038466
d100_delay_75_cap1,candidate_d100_delay_75_cap1_borough_f86f8b9fa8670c07,borough,25,delay_75,0.470972373681769,0.23322165405450623
d100_delay_75_cap1,candidate_d100_delay_75_cap1_city_2e846b8cb1b440b5,city,25,delay_75,0.46391855622556466,0.16060202785001293
d100_delay_75_cap1,candidate_d100_delay_75_cap1_city_4248a63ab4f5f9df,city,25,delay_75,0.4649100835531271,0.15308975163542354
d100_delay_75_cap1,candidate_d100_delay_75_cap1_city_65af139fbd40ee72,city,25,delay_75,0.44812646167367787,0.20624804322269868
d100_delay_75_cap1,candidate_d100_delay_75_cap1_city_7b31c9e7eca3c529,city,25,delay_75,0.4577677686798866,0.17580506312736863
d100_delay_75_cap1,candidate_d100_delay_75_cap1_city_831e524843bcb53f,city,25,delay_75,0.464801539802686,0.16110363209339443
d100_delay_75_cap1,candidate_d100_delay_75_cap1_city_ae8cbf509f7da86a,city,25,delay_75,0.45129996947032053,0.1906974005389187
d100_delay_75_cap1,candidate_d100_delay_75_cap1_city_bb8dc0a0235e443d,city,25,delay_75,0.4458680522435977,0.2228665622646896
d100_delay_75_cap1,candidate_d100_delay_75_cap1_city_bdd5f84e1fb98372,city,25,delay_75,0.46107721478665803,0.16946682755262238
d100_delay_75_cap1,candidate_d100_delay_75_cap1_city_e9cfa1b0f1244f2e,city,25,delay_75,0.45877016330283,0.1733705967661691
d100_delay_75_cap1,candidate_d100_delay_75_cap1_city_eb4ced8a37a9a828,city,25,delay_75,0.44986179815451294,0.19495997656019914
d100_delay_75_cap1,candidate_d100_delay_75_cap1_city_f30084ee921588e1,city,25,delay_75,0.44654887906117813,0.21712643106382076
d200_delay_median_cap1,candidate_d200_delay_median_cap1_borough_331ece2d010f585b,borough,25,delay_median,1.0867901408120866,0.16406388845862652
d200_delay_median_cap1,candidate_d200_delay_median_cap1_borough_4d9d92fc4a7b3fe6,borough,25,delay_median,0.8260847543610002,0.2775566580813669
d200_delay_median_cap1,candidate_d200_delay_median_cap1_borough_5bef845f16596083,borough,25,delay_median,0.8335033636890761,0.20576895695165126
d200_delay_median_cap1,candidate_d200_delay_median_cap1_borough_66fee95a1b8cfbf5,borough,25,delay_median,0.8279710115739813,0.2228925699380293
d200_delay_median_cap1,candidate_d200_delay_median_cap1_borough_8ffd67006722ee9c,borough,25,delay_median,0.822534898491567,0.3034995383286414
d200_delay_median_cap1,candidate_d200_delay_median_cap1_borough_950b1070809fc18e,borough,25,delay_median,1.0910380562434345,0.15379910449527473
d200_delay_median_cap1,candidate_d200_delay_median_cap1_borough_baba7ce105c151d8,borough,25,delay_median,0.8187366666181457,0.3939026614290936
d200_delay_median_cap1,candidate_d200_delay_median_cap1_borough_f9aa0855bb1e5ca2,borough,25,delay_median,1.0933435541997154,0.13110614149522096
d200_delay_median_cap1,candidate_d200_delay_median_cap1_city_10496e80fe695ff3,city,25,delay_median,0.9048621311871198,0.5352363728160924
d200_delay_median_cap1,candidate_d200_delay_median_cap1_city_2e259b12739f26f8,city,25,delay_median,0.8660268624095956,0.5674755312619169
d200_delay_median_cap1,candidate_d200_delay_median_cap1_city_3fff755b42b72dbe,city,25,delay_median,0.8411866520696067,0.7155185848056543
d200_delay_median_cap1,candidate_d200_delay_median_cap1_city_53087a4939b30275,city,25,delay_median,0.8753812708627741,0.5526963785001368
d200_delay_median_cap1,candidate_d200_delay_median_cap1_city_5aa114c0e6c99740,city,25,delay_median,0.8854426436958166,0.5501897393393034
d200_delay_median_cap1,candidate_d200_delay_median_cap1_city_78703658262aa413,city,25,delay_median,0.8882651563748023,0.5376900115124035
d200_delay_median_cap1,candidate_d200_delay_median_cap1_city_9462be6213194348,city,25,delay_median,0.9144375746273129,0.5358854842078437
d200_delay_median_cap1,candidate_d200_delay_median_cap1_city_a2e95e80eb3fb780,city,25,delay_median,0.8699431868095079,0.5620667623832867
d200_delay_median_cap1,candidate_d200_delay_median_cap1_city_ae5ff0a539b804d7,city,25,delay_median,0.8467362820838594,0.5889921931020962
d200_delay_median_cap1,candidate_d200_delay_median_cap1_city_cac85e54a8549e18,city,25,delay_median,0.8434457497916754,0.6908901175419371
d200_delay_median_cap1,candidate_d200_delay_median_cap1_city_cf6be0493a479e60,city,25,delay_median,0.8571455037991814,0.5766076259007045
d200_delay_median_cap1,candidate_d200_delay_median_cap1_city_f0b6971bf5a72a50,city,25,delay_median,0.8443673922458206,0.5967219324433884
d200_delay_75_cap1,candidate_d200_delay_75_cap1_borough_0f626e6a3a44863c,borough,25,delay_75,0.8086133141920523,0.14517778089514252
d200_delay_75_cap1,candidate_d200_delay_75_cap1_borough_2894623d5999e4bc,borough,25,delay_75,0.7803418439511314,0.1782512785579738
d200_delay_75_cap1,candidate_d200_delay_75_cap1_borough_511dc3bd7bf02831,borough,25,delay_75,0.600568551617544,0.3009347040585089
d200_delay_75_cap1,candidate_d200_delay_75_cap1_borough_6edf8f3414a9e53f,borough,25,delay_75,0.6021668916110766,0.22544795027047176
d200_delay_75_cap1,candidate_d200_delay_75_cap1_borough_86c0e91ea2465303,borough,25,delay_75,0.6007625447820869,0.2531223752834522
d200_delay_75_cap1,candidate_d200_delay_75_cap1_borough_c462621d0af8cf4d,borough,25,delay_75,0.5994943750080056,0.3091886048087091
d200_delay_75_cap1,candidate_d200_delay_75_cap1_borough_c90f33b9007e64f6,borough,25,delay_75,0.7951301204915563,0.16134950679150006
d200_delay_75_cap1,candidate_d200_delay_75_cap1_borough_ddc0ec4eb88785c7,borough,25,delay_75,0.6130844378240171,0.19699074059285304
d200_delay_75_cap1,candidate_d200_delay_75_cap1_city_0054e798816c0921,city,25,delay_75,0.5674590820946079,0.21497167947305793
d200_delay_75_cap1,candidate_d200_delay_75_cap1_city_2d4b8a41d467c573,city,25,delay_75,0.5767892078367965,0.16896090807758052
d200_delay_75_cap1,candidate_d200_delay_75_cap1_city_7deb642fa5e4be7d,city,25,delay_75,0.570334597256892,0.2114900022428157
d200_delay_75_cap1,candidate_d200_delay_75_cap1_city_a3cefa22eb0d84c5,city,25,delay_75,0.5732070615254237,0.17330841723230916
d200_delay_75_cap1,candidate_d200_delay_75_cap1_city_b4028a3b92850499,city,25,delay_75,0.5883559284923623,0.16073428807403659
d200_delay_75_cap1,candidate_d200_delay_75_cap1_city_ddca190f8cccebe8,city,25,delay_75,0.5644634814597967,0.2196487373994366
d200_delay_75_cap1,candidate_d200_delay_75_cap1_city_ffa5cb3380557bea,city,25,delay_75,0.5629385251406888,0.26367384509776653
