d100_setting_id,d200_setting_id,policy_role,budget_group,display_role,Borough,Category,d100_source_policy_id,d100_vector_hash,d100_n_inference_seeds,d100_realized_inspection_fraction,d200_source_policy_id,d200_vector_hash,d200_n_inference_seeds,d200_realized_inspection_fraction,inspection_fraction_change_d200_minus_d100,historical_inspection_fraction
d100_delay_median_cap1,d200_delay_median_cap1,borough_balanced,borough,balanced,Bronx,Hazard,candidate_d100_delay_median_cap1_borough_500e7870e139a8dc,c088e7e14e7fcbbb27edc17239a52daaa7617d1af15dbd8a1b374b47c2e7df82,25,0.946798210997106,candidate_d200_delay_median_cap1_borough_5bef845f16596083,48abcb916310db600f357940ef294b771b23a40b579a4de92a33d2b36907865f,25,0.9996842936069456,0.05288608260983951,0.824388318863457
d100_delay_median_cap1,d200_delay_median_cap1,borough_balanced,borough,balanced,Bronx,Illegal Tree Damage,candidate_d100_delay_median_cap1_borough_500e7870e139a8dc,c088e7e14e7fcbbb27edc17239a52daaa7617d1af15dbd8a1b374b47c2e7df82,25,0.9961532192339039,candidate_d200_delay_median_cap1_borough_5bef845f16596083,48abcb916310db600f357940ef294b771b23a40b579a4de92a33d2b36907865f,25,0.9812224938875305,-0.014930725346373408,0.8092909535452323
d100_delay_median_cap1,d200_delay_median_cap1,borough_balanced,borough,balanced,Bronx,Other,candidate_d100_delay_median_cap1_borough_500e7870e139a8dc,c088e7e14e7fcbbb27edc17239a52daaa7617d1af15dbd8a1b374b47c2e7df82,25,0.9992888888888889,candidate_d200_delay_median_cap1_borough_5bef845f16596083,48abcb916310db600f357940ef294b771b23a40b579a4de92a33d2b36907865f,25,0.9998222222222222,0.0005333333333332746,0.9333333333333332
d100_delay_median_cap1,d200_delay_median_cap1,borough_balanced,borough,balanced,Bronx,Prune,candidate_d100_delay_median_cap1_borough_500e7870e139a8dc,c088e7e14e7fcbbb27edc17239a52daaa7617d1af15dbd8a1b374b47c2e7df82,25,0.10168714168714164,candidate_d200_delay_median_cap1_borough_5bef845f16596083,48abcb916310db600f357940ef294b771b23a40b579a4de92a33d2b36907865f,25,0.1104422604422604,0.008755118755118751,0.8538083538083538
d100_delay_median_cap1,d200_delay_median_cap1,borough_balanced,borough,balanced,Bronx,Remove Tree,candidate_d100_delay_median_cap1_borough_500e7870e139a8dc,c088e7e14e7fcbbb27edc17239a52daaa7617d1af15dbd8a1b374b47c2e7df82,25,0.8136865942028986,candidate_d200_delay_median_cap1_borough_5bef845f16596083,48abcb916310db600f357940ef294b771b23a40b579a4de92a33d2b36907865f,25,0.8917028985507247,0.07801630434782614,0.9001358695652174
d100_delay_median_cap1,d200_delay_median_cap1,borough_balanced,borough,balanced,Bronx,Root/Sewer/Sidewalk,candidate_d100_delay_median_cap1_borough_500e7870e139a8dc,c088e7e14e7fcbbb27edc17239a52daaa7617d1af15dbd8a1b374b47c2e7df82,25,0.12136776661884262,candidate_d200_delay_median_cap1_borough_5bef845f16596083,48abcb916310db600f357940ef294b771b23a40b579a4de92a33d2b36907865f,25,0.13091343854615012,0.0095456719273075,0.56025824964132
d100_delay_median_cap1,d200_delay_median_cap1,borough_balanced,borough,balanced,Brooklyn,Hazard,candidate_d100_delay_median_cap1_borough_500e7870e139a8dc,c088e7e14e7fcbbb27edc17239a52daaa7617d1af15dbd8a1b374b47c2e7df82,25,0.9877996243915527,candidate_d200_delay_median_cap1_borough_5bef845f16596083,48abcb916310db600f357940ef294b771b23a40b579a4de92a33d2b36907865f,25,0.9797048790770764,-0.008094745314476293,0.8565022421524664
d100_delay_median_cap1,d200_delay_median_cap1,borough_balanced,borough,balanced,Brooklyn,Illegal Tree Damage,candidate_d100_delay_median_cap1_borough_500e7870e139a8dc,c088e7e14e7fcbbb27edc17239a52daaa7617d1af15dbd8a1b374b47c2e7df82,25,0.9977361738756187,candidate_d200_delay_median_cap1_borough_5bef845f16596083,48abcb916310db600f357940ef294b771b23a40b579a4de92a33d2b36907865f,25,0.9993716376156659,0.0016354637400471939,0.9122014202711428
d100_delay_median_cap1,d200_delay_median_cap1,borough_balanced,borough,balanced,Brooklyn,Other,candidate_d100_delay_median_cap1_borough_500e7870e139a8dc,c088e7e14e7fcbbb27edc17239a52daaa7617d1af15dbd8a1b374b47c2e7df82,25,1.0,candidate_d200_delay_median_cap1_borough_5bef845f16596083,48abcb916310db600f357940ef294b771b23a40b579a4de92a33d2b36907865f,25,0.9999026763990269,-9.732360097314263e-05,0.7226277372262774
d100_delay_median_cap1,d200_delay_median_cap1,borough_balanced,borough,balanced,Brooklyn,Prune,candidate_d100_delay_median_cap1_borough_500e7870e139a8dc,c088e7e14e7fcbbb27edc17239a52daaa7617d1af15dbd8a1b374b47c2e7df82,25,0.15988833054159685,candidate_d200_delay_median_cap1_borough_5bef845f16596083,48abcb916310db600f357940ef294b771b23a40b579a4de92a33d2b36907865f,25,0.1347478131397729,-0.025140517401823936,0.1714126186487995
d100_delay_median_cap1,d200_delay_median_cap1,borough_balanced,borough,balanced,Brooklyn,Remove Tree,candidate_d100_delay_median_cap1_borough_500e7870e139a8dc,c088e7e14e7fcbbb27edc17239a52daaa7617d1af15dbd8a1b374b47c2e7df82,25,0.8407887751232461,candidate_d200_delay_median_cap1_borough_5bef845f16596083,48abcb916310db600f357940ef294b771b23a40b579a4de92a33d2b36907865f,25,0.8284186575654152,-0.012370117557830906,0.9354379977246872
d100_delay_median_cap1,d200_delay_median_cap1,borough_balanced,borough,balanced,Brooklyn,Root/Sewer/Sidewalk,candidate_d100_delay_median_cap1_borough_500e7870e139a8dc,c088e7e14e7fcbbb27edc17239a52daaa7617d1af15dbd8a1b374b47c2e7df82,25,0.2619086786881788,candidate_d200_delay_median_cap1_borough_5bef845f16596083,48abcb916310db600f357940ef294b771b23a40b579a4de92a33d2b36907865f,25,0.2220183486238532,-0.0398903300643256,0.6567541917114837
d100_delay_median_cap1,d200_delay_median_cap1,borough_balanced,borough,balanced,Manhattan,Hazard,candidate_d100_delay_median_cap1_borough_500e7870e139a8dc,c088e7e14e7fcbbb27edc17239a52daaa7617d1af15dbd8a1b374b47c2e7df82,25,0.967251461988304,candidate_d200_delay_median_cap1_borough_5bef845f16596083,48abcb916310db600f357940ef294b771b23a40b579a4de92a33d2b36907865f,25,0.9633701537795105,-0.0038813082087935102,0.7309941520467836
d100_delay_median_cap1,d200_delay_median_cap1,borough_balanced,borough,balanced,Manhattan,Illegal Tree Damage,candidate_d100_delay_median_cap1_borough_500e7870e139a8dc,c088e7e14e7fcbbb27edc17239a52daaa7617d1af15dbd8a1b374b47c2e7df82,25,1.0,candidate_d200_delay_median_cap1_borough_5bef845f16596083,48abcb916310db600f357940ef294b771b23a40b579a4de92a33d2b36907865f,25,0.9864324550397323,-0.013567544960267686,0.4993726474278545
d100_delay_median_cap1,d200_delay_median_cap1,borough_balanced,borough,balanced,Manhattan,Other,candidate_d100_delay_median_cap1_borough_500e7870e139a8dc,c088e7e14e7fcbbb27edc17239a52daaa7617d1af15dbd8a1b374b47c2e7df82,25,1.0,candidate_d200_delay_median_cap1_borough_5bef845f16596083,48abcb916310db600f357940ef294b771b23a40b579a4de92a33d2b36907865f,25,0.999748427672956,-0.0002515723270439807,0.9245283018867924
d100_delay_median_cap1,d200_delay_median_cap1,borough_balanced,borough,balanced,Manhattan,Prune,candidate_d100_delay_median_cap1_borough_500e7870e139a8dc,c088e7e14e7fcbbb27edc17239a52daaa7617d1af15dbd8a1b374b47c2e7df82,25,0.27783492530002446,candidate_d200_delay_median_cap1_borough_5bef845f16596083,48abcb916310db600f357940ef294b771b23a40b579a4de92a33d2b36907865f,25,0.08960078373744791,-0.18823414156257656,0.861131520940485
d100_delay_median_cap1,d200_delay_median_cap1,borough_balanced,borough,balanced,Manhattan,Remove Tree,candidate_d100_delay_median_cap1_borough_500e7870e139a8dc,c088e7e14e7fcbbb27edc17239a52daaa7617d1af15dbd8a1b374b47c2e7df82,25,0.7899038676503466,candidate_d200_delay_median_cap1_borough_5bef845f16596083,48abcb916310db600f357940ef294b771b23a40b579a4de92a33d2b36907865f,25,0.8439883746926,0.05408450704225343,0.6284372904091214
d100_delay_median_cap1,d200_delay_median_cap1,borough_balanced,borough,balanced,Manhattan,Root/Sewer/Sidewalk,candidate_d100_delay_median_cap1_borough_500e7870e139a8dc,c088e7e14e7fcbbb27edc17239a52daaa7617d1af15dbd8a1b374b47c2e7df82,25,0.9856898656898657,candidate_d200_delay_median_cap1_borough_5bef845f16596083,48abcb916310db600f357940ef294b771b23a40b579a4de92a33d2b36907865f,25,0.22041514041514038,-0.7652747252747254,0.1538461538461538
d100_delay_median_cap1,d200_delay_median_cap1,borough_balanced,borough,balanced,Queens,Hazard,candidate_d100_delay_median_cap1_borough_500e7870e139a8dc,c088e7e14e7fcbbb27edc17239a52daaa7617d1af15dbd8a1b374b47c2e7df82,25,0.9948453854895628,candidate_d200_delay_median_cap1_borough_5bef845f16596083,48abcb916310db600f357940ef294b771b23a40b579a4de92a33d2b36907865f,25,0.9934529577127819,-0.0013924277767809468,0.842275255697111
d100_delay_median_cap1,d200_delay_median_cap1,borough_balanced,borough,balanced,Queens,Illegal Tree Damage,candidate_d100_delay_median_cap1_borough_500e7870e139a8dc,c088e7e14e7fcbbb27edc17239a52daaa7617d1af15dbd8a1b374b47c2e7df82,25,0.9964879564879564,candidate_d200_delay_median_cap1_borough_5bef845f16596083,48abcb916310db600f357940ef294b771b23a40b579a4de92a33d2b36907865f,25,0.9896503496503497,-0.006837606837606702,0.7257187257187258
d100_delay_median_cap1,d200_delay_median_cap1,borough_balanced,borough,balanced,Queens,Other,candidate_d100_delay_median_cap1_borough_500e7870e139a8dc,c088e7e14e7fcbbb27edc17239a52daaa7617d1af15dbd8a1b374b47c2e7df82,25,0.9933747412008281,candidate_d200_delay_median_cap1_borough_5bef845f16596083,48abcb916310db600f357940ef294b771b23a40b579a4de92a33d2b36907865f,25,0.9977639751552795,0.004389233954451344,0.8136645962732919
d100_delay_median_cap1,d200_delay_median_cap1,borough_balanced,borough,balanced,Queens,Prune,candidate_d100_delay_median_cap1_borough_500e7870e139a8dc,c088e7e14e7fcbbb27edc17239a52daaa7617d1af15dbd8a1b374b47c2e7df82,25,0.07191705413927632,candidate_d200_delay_median_cap1_borough_5bef845f16596083,48abcb916310db600f357940ef294b771b23a40b579a4de92a33d2b36907865f,25,0.05783549783549779,-0.014081556303778532,0.244668911335578
d100_delay_median_cap1,d200_delay_median_cap1,borough_balanced,borough,balanced,Queens,Remove Tree,candidate_d100_delay_median_cap1_borough_500e7870e139a8dc,c088e7e14e7fcbbb27edc17239a52daaa7617d1af15dbd8a1b374b47c2e7df82,25,0.7644588235294116,candidate_d200_delay_median_cap1_borough_5bef845f16596083,48abcb916310db600f357940ef294b771b23a40b579a4de92a33d2b36907865f,25,0.9104980392156863,0.14603921568627465,0.84
d100_delay_median_cap1,d200_delay_median_cap1,borough_balanced,borough,balanced,Queens,Root/Sewer/Sidewalk,candidate_d100_delay_median_cap1_borough_500e7870e139a8dc,c088e7e14e7fcbbb27edc17239a52daaa7617d1af15dbd8a1b374b47c2e7df82,25,0.10842899611250853,candidate_d200_delay_median_cap1_borough_5bef845f16596083,48abcb916310db600f357940ef294b771b23a40b579a4de92a33d2b36907865f,25,0.08737251314886801,-0.021056482963640516,0.6391493254058999
d100_delay_median_cap1,d200_delay_median_cap1,borough_balanced,borough,balanced,Staten Island,Hazard,candidate_d100_delay_median_cap1_borough_500e7870e139a8dc,c088e7e14e7fcbbb27edc17239a52daaa7617d1af15dbd8a1b374b47c2e7df82,25,0.9916767676767677,candidate_d200_delay_median_cap1_borough_5bef845f16596083,48abcb916310db600f357940ef294b771b23a40b579a4de92a33d2b36907865f,25,0.9699819245082402,-0.021694843168527544,0.6998405103668262
d100_delay_median_cap1,d200_delay_median_cap1,borough_balanced,borough,balanced,Staten Island,Illegal Tree Damage,candidate_d100_delay_median_cap1_borough_500e7870e139a8dc,c088e7e14e7fcbbb27edc17239a52daaa7617d1af15dbd8a1b374b47c2e7df82,25,0.9959595959595959,candidate_d200_delay_median_cap1_borough_5bef845f16596083,48abcb916310db600f357940ef294b771b23a40b579a4de92a33d2b36907865f,25,0.9984646464646465,0.0025050505050505656,0.5121212121212121
d100_delay_median_cap1,d200_delay_median_cap1,borough_balanced,borough,balanced,Staten Island,Other,candidate_d100_delay_median_cap1_borough_500e7870e139a8dc,c088e7e14e7fcbbb27edc17239a52daaa7617d1af15dbd8a1b374b47c2e7df82,25,0.9905220883534136,candidate_d200_delay_median_cap1_borough_5bef845f16596083,48abcb916310db600f357940ef294b771b23a40b579a4de92a33d2b36907865f,25,0.9921285140562248,0.0016064257028112205,0.7831325301204819
d100_delay_median_cap1,d200_delay_median_cap1,borough_balanced,borough,balanced,Staten Island,Prune,candidate_d100_delay_median_cap1_borough_500e7870e139a8dc,c088e7e14e7fcbbb27edc17239a52daaa7617d1af15dbd8a1b374b47c2e7df82,25,0.12337485467530307,candidate_d200_delay_median_cap1_borough_5bef845f16596083,48abcb916310db600f357940ef294b771b23a40b579a4de92a33d2b36907865f,25,0.0797541936555389,-0.04362066101976417,0.3766816143497757
d100_delay_median_cap1,d200_delay_median_cap1,borough_balanced,borough,balanced,Staten Island,Remove Tree,candidate_d100_delay_median_cap1_borough_500e7870e139a8dc,c088e7e14e7fcbbb27edc17239a52daaa7617d1af15dbd8a1b374b47c2e7df82,25,0.8159654178674351,candidate_d200_delay_median_cap1_borough_5bef845f16596083,48abcb916310db600f357940ef294b771b23a40b579a4de92a33d2b36907865f,25,0.8814473262888248,0.06548190842138968,0.8146013448607109
d100_delay_median_cap1,d200_delay_median_cap1,borough_balanced,borough,balanced,Staten Island,Root/Sewer/Sidewalk,candidate_d100_delay_median_cap1_borough_500e7870e139a8dc,c088e7e14e7fcbbb27edc17239a52daaa7617d1af15dbd8a1b374b47c2e7df82,25,0.18076248313090415,candidate_d200_delay_median_cap1_borough_5bef845f16596083,48abcb916310db600f357940ef294b771b23a40b579a4de92a33d2b36907865f,25,0.12566126855600537,-0.05510121457489878,0.6897773279352226
d100_delay_median_cap1,d200_delay_median_cap1,borough_most_efficient,borough,most_efficient,Bronx,Hazard,candidate_d100_delay_median_cap1_borough_c7df3d1fd0b07964,d75d21eacf056c54fe6739956c16a8a6d4d7fd75e61fbcf2bc8e8a06fcc3a4cb,25,0.9517284925019731,candidate_d200_delay_median_cap1_borough_baba7ce105c151d8,9c8b7220c2ff73efa9211acecb1fbbb7373ba1b3b3f9ff761deac1ab41716a83,25,0.9996632465140752,0.04793475401210212,0.824388318863457
d100_delay_median_cap1,d200_delay_median_cap1,borough_most_efficient,borough,most_efficient,Bronx,Illegal Tree Damage,candidate_d100_delay_median_cap1_borough_c7df3d1fd0b07964,d75d21eacf056c54fe6739956c16a8a6d4d7fd75e61fbcf2bc8e8a06fcc3a4cb,25,0.9921760391198045,candidate_d200_delay_median_cap1_borough_baba7ce105c151d8,9c8b7220c2ff73efa9211acecb1fbbb7373ba1b3b3f9ff761deac1ab41716a83,25,0.9522086389568052,-0.03996740016299927,0.8092909535452323
d100_delay_median_cap1,d200_delay_median_cap1,borough_most_efficient,borough,most_efficient,Bronx,Other,candidate_d100_delay_median_cap1_borough_c7df3d1fd0b07964,d75d21eacf056c54fe6739956c16a8a6d4d7fd75e61fbcf2bc8e8a06fcc3a4cb,25,0.9996444444444443,candidate_d200_delay_median_cap1_borough_baba7ce105c151d8,9c8b7220c2ff73efa9211acecb1fbbb7373ba1b3b3f9ff761deac1ab41716a83,25,0.9998222222222222,0.0001777777777778322,0.9333333333333332
d100_delay_median_cap1,d200_delay_median_cap1,borough_most_efficient,borough,most_efficient,Bronx,Prune,candidate_d100_delay_median_cap1_borough_c7df3d1fd0b07964,d75d21eacf056c54fe6739956c16a8a6d4d7fd75e61fbcf2bc8e8a06fcc3a4cb,25,0.11476658476658472,candidate_d200_delay_median_cap1_borough_baba7ce105c151d8,9c8b7220c2ff73efa9211acecb1fbbb7373ba1b3b3f9ff761deac1ab41716a83,25,0.10162162162162158,-0.013144963144963134,0.8538083538083538
d100_delay_median_cap1,d200_delay_median_cap1,borough_most_efficient,borough,most_efficient,Bronx,Remove Tree,candidate_d100_delay_median_cap1_borough_c7df3d1fd0b07964,d75d21eacf056c54fe6739956c16a8a6d4d7fd75e61fbcf2bc8e8a06fcc3a4cb,25,0.821820652173913,candidate_d200_delay_median_cap1_borough_baba7ce105c151d8,9c8b7220c2ff73efa9211acecb1fbbb7373ba1b3b3f9ff761deac1ab41716a83,25,0.9144746376811593,0.09265398550724635,0.9001358695652174
d100_delay_median_cap1,d200_delay_median_cap1,borough_most_efficient,borough,most_efficient,Bronx,Root/Sewer/Sidewalk,candidate_d100_delay_median_cap1_borough_c7df3d1fd0b07964,d75d21eacf056c54fe6739956c16a8a6d4d7fd75e61fbcf2bc8e8a06fcc3a4cb,25,0.1373601147776183,candidate_d200_delay_median_cap1_borough_baba7ce105c151d8,9c8b7220c2ff73efa9211acecb1fbbb7373ba1b3b3f9ff761deac1ab41716a83,25,0.12015303682448586,-0.01720707795313245,0.56025824964132
d100_delay_median_cap1,d200_delay_median_cap1,borough_most_efficient,borough,most_efficient,Brooklyn,Hazard,candidate_d100_delay_median_cap1_borough_c7df3d1fd0b07964,d75d21eacf056c54fe6739956c16a8a6d4d7fd75e61fbcf2bc8e8a06fcc3a4cb,25,0.9892085393430685,candidate_d200_delay_median_cap1_borough_baba7ce105c151d8,9c8b7220c2ff73efa9211acecb1fbbb7373ba1b3b3f9ff761deac1ab41716a83,25,0.9936529837875131,0.004444444444444584,0.8565022421524664
d100_delay_median_cap1,d200_delay_median_cap1,borough_most_efficient,borough,most_efficient,Brooklyn,Illegal Tree Damage,candidate_d100_delay_median_cap1_borough_c7df3d1fd0b07964,d75d21eacf056c54fe6739956c16a8a6d4d7fd75e61fbcf2bc8e8a06fcc3a4cb,25,0.9978394663223585,candidate_d200_delay_median_cap1_borough_baba7ce105c151d8,9c8b7220c2ff73efa9211acecb1fbbb7373ba1b3b3f9ff761deac1ab41716a83,25,0.9994835377663008,0.0016440714439422965,0.9122014202711428
d100_delay_median_cap1,d200_delay_median_cap1,borough_most_efficient,borough,most_efficient,Brooklyn,Other,candidate_d100_delay_median_cap1_borough_c7df3d1fd0b07964,d75d21eacf056c54fe6739956c16a8a6d4d7fd75e61fbcf2bc8e8a06fcc3a4cb,25,1.0,candidate_d200_delay_median_cap1_borough_baba7ce105c151d8,9c8b7220c2ff73efa9211acecb1fbbb7373ba1b3b3f9ff761deac1ab41716a83,25,0.9994160583941606,-0.0005839416058394109,0.7226277372262774
d100_delay_median_cap1,d200_delay_median_cap1,borough_most_efficient,borough,most_efficient,Brooklyn,Prune,candidate_d100_delay_median_cap1_borough_c7df3d1fd0b07964,d75d21eacf056c54fe6739956c16a8a6d4d7fd75e61fbcf2bc8e8a06fcc3a4cb,25,0.17518456479930514,candidate_d200_delay_median_cap1_borough_baba7ce105c151d8,9c8b7220c2ff73efa9211acecb1fbbb7373ba1b3b3f9ff761deac1ab41716a83,25,0.1096544450648303,-0.06553011973447484,0.1714126186487995
d100_delay_median_cap1,d200_delay_median_cap1,borough_most_efficient,borough,most_efficient,Brooklyn,Remove Tree,candidate_d100_delay_median_cap1_borough_c7df3d1fd0b07964,d75d21eacf056c54fe6739956c16a8a6d4d7fd75e61fbcf2bc8e8a06fcc3a4cb,25,0.9384489950701554,candidate_d200_delay_median_cap1_borough_baba7ce105c151d8,9c8b7220c2ff73efa9211acecb1fbbb7373ba1b3b3f9ff761deac1ab41716a83,25,0.9723701175578309,0.033921122487675426,0.9354379977246872
d100_delay_median_cap1,d200_delay_median_cap1,borough_most_efficient,borough,most_efficient,Brooklyn,Root/Sewer/Sidewalk,candidate_d100_delay_median_cap1_borough_c7df3d1fd0b07964,d75d21eacf056c54fe6739956c16a8a6d4d7fd75e61fbcf2bc8e8a06fcc3a4cb,25,0.2922788147210798,candidate_d200_delay_median_cap1_borough_baba7ce105c151d8,9c8b7220c2ff73efa9211acecb1fbbb7373ba1b3b3f9ff761deac1ab41716a83,25,0.18420752926289144,-0.10807128545818837,0.6567541917114837
d100_delay_median_cap1,d200_delay_median_cap1,borough_most_efficient,borough,most_efficient,Manhattan,Hazard,candidate_d100_delay_median_cap1_borough_c7df3d1fd0b07964,d75d21eacf056c54fe6739956c16a8a6d4d7fd75e61fbcf2bc8e8a06fcc3a4cb,25,0.9657699805068226,candidate_d200_delay_median_cap1_borough_baba7ce105c151d8,9c8b7220c2ff73efa9211acecb1fbbb7373ba1b3b3f9ff761deac1ab41716a83,25,0.9998960363872645,0.03412605588044193,0.7309941520467836
d100_delay_median_cap1,d200_delay_median_cap1,borough_most_efficient,borough,most_efficient,Manhattan,Illegal Tree Damage,candidate_d100_delay_median_cap1_borough_c7df3d1fd0b07964,d75d21eacf056c54fe6739956c16a8a6d4d7fd75e61fbcf2bc8e8a06fcc3a4cb,25,0.9965704726056043,candidate_d200_delay_median_cap1_borough_baba7ce105c151d8,9c8b7220c2ff73efa9211acecb1fbbb7373ba1b3b3f9ff761deac1ab41716a83,25,0.9885403596821414,-0.008030112923462895,0.4993726474278545
d100_delay_median_cap1,d200_delay_median_cap1,borough_most_efficient,borough,most_efficient,Manhattan,Other,candidate_d100_delay_median_cap1_borough_c7df3d1fd0b07964,d75d21eacf056c54fe6739956c16a8a6d4d7fd75e61fbcf2bc8e8a06fcc3a4cb,25,1.0,candidate_d200_delay_median_cap1_borough_baba7ce105c151d8,9c8b7220c2ff73efa9211acecb1fbbb7373ba1b3b3f9ff761deac1ab41716a83,25,0.9994968553459119,-0.0005031446540880724,0.9245283018867924
d100_delay_median_cap1,d200_delay_median_cap1,borough_most_efficient,borough,most_efficient,Manhattan,Prune,candidate_d100_delay_median_cap1_borough_c7df3d1fd0b07964,d75d21eacf056c54fe6739956c16a8a6d4d7fd75e61fbcf2bc8e8a06fcc3a4cb,25,0.11211364192995342,candidate_d200_delay_median_cap1_borough_baba7ce105c151d8,9c8b7220c2ff73efa9211acecb1fbbb7373ba1b3b3f9ff761deac1ab41716a83,25,0.07333823169238302,-0.038775410237570404,0.861131520940485
d100_delay_median_cap1,d200_delay_median_cap1,borough_most_efficient,borough,most_efficient,Manhattan,Remove Tree,candidate_d100_delay_median_cap1_borough_c7df3d1fd0b07964,d75d21eacf056c54fe6739956c16a8a6d4d7fd75e61fbcf2bc8e8a06fcc3a4cb,25,0.5542588866532528,candidate_d200_delay_median_cap1_borough_baba7ce105c151d8,9c8b7220c2ff73efa9211acecb1fbbb7373ba1b3b3f9ff761deac1ab41716a83,25,0.7267069081153588,0.17244802146210592,0.6284372904091214
d100_delay_median_cap1,d200_delay_median_cap1,borough_most_efficient,borough,most_efficient,Manhattan,Root/Sewer/Sidewalk,candidate_d100_delay_median_cap1_borough_c7df3d1fd0b07964,d75d21eacf056c54fe6739956c16a8a6d4d7fd75e61fbcf2bc8e8a06fcc3a4cb,25,0.9874481074481075,candidate_d200_delay_median_cap1_borough_baba7ce105c151d8,9c8b7220c2ff73efa9211acecb1fbbb7373ba1b3b3f9ff761deac1ab41716a83,25,0.24390720390720386,-0.7435409035409036,0.1538461538461538
d100_delay_median_cap1,d200_delay_median_cap1,borough_most_efficient,borough,most_efficient,Queens,Hazard,candidate_d100_delay_median_cap1_borough_c7df3d1fd0b07964,d75d21eacf056c54fe6739956c16a8a6d4d7fd75e61fbcf2bc8e8a06fcc3a4cb,25,0.9911262635325079,candidate_d200_delay_median_cap1_borough_baba7ce105c151d8,9c8b7220c2ff73efa9211acecb1fbbb7373ba1b3b3f9ff761deac1ab41716a83,25,0.9929541240504816,0.0018278605179736784,0.842275255697111
d100_delay_median_cap1,d200_delay_median_cap1,borough_most_efficient,borough,most_efficient,Queens,Illegal Tree Damage,candidate_d100_delay_median_cap1_borough_c7df3d1fd0b07964,d75d21eacf056c54fe6739956c16a8a6d4d7fd75e61fbcf2bc8e8a06fcc3a4cb,25,0.9961253561253561,candidate_d200_delay_median_cap1_borough_baba7ce105c151d8,9c8b7220c2ff73efa9211acecb1fbbb7373ba1b3b3f9ff761deac1ab41716a83,25,0.9955969955969957,-0.000528360528360472,0.7257187257187258
d100_delay_median_cap1,d200_delay_median_cap1,borough_most_efficient,borough,most_efficient,Queens,Other,candidate_d100_delay_median_cap1_borough_c7df3d1fd0b07964,d75d21eacf056c54fe6739956c16a8a6d4d7fd75e61fbcf2bc8e8a06fcc3a4cb,25,0.9927950310559006,candidate_d200_delay_median_cap1_borough_baba7ce105c151d8,9c8b7220c2ff73efa9211acecb1fbbb7373ba1b3b3f9ff761deac1ab41716a83,25,0.996438923395445,0.00364389233954443,0.8136645962732919
d100_delay_median_cap1,d200_delay_median_cap1,borough_most_efficient,borough,most_efficient,Queens,Prune,candidate_d100_delay_median_cap1_borough_c7df3d1fd0b07964,d75d21eacf056c54fe6739956c16a8a6d4d7fd75e61fbcf2bc8e8a06fcc3a4cb,25,0.046259419592752885,candidate_d200_delay_median_cap1_borough_baba7ce105c151d8,9c8b7220c2ff73efa9211acecb1fbbb7373ba1b3b3f9ff761deac1ab41716a83,25,0.04029501362834692,-0.005964405964405964,0.244668911335578
d100_delay_median_cap1,d200_delay_median_cap1,borough_most_efficient,borough,most_efficient,Queens,Remove Tree,candidate_d100_delay_median_cap1_borough_c7df3d1fd0b07964,d75d21eacf056c54fe6739956c16a8a6d4d7fd75e61fbcf2bc8e8a06fcc3a4cb,25,0.7739666666666666,candidate_d200_delay_median_cap1_borough_baba7ce105c151d8,9c8b7220c2ff73efa9211acecb1fbbb7373ba1b3b3f9ff761deac1ab41716a83,25,0.8823980392156863,0.10843137254901969,0.84
d100_delay_median_cap1,d200_delay_median_cap1,borough_most_efficient,borough,most_efficient,Queens,Root/Sewer/Sidewalk,candidate_d100_delay_median_cap1_borough_c7df3d1fd0b07964,d75d21eacf056c54fe6739956c16a8a6d4d7fd75e61fbcf2bc8e8a06fcc3a4cb,25,0.06894732830246204,candidate_d200_delay_median_cap1_borough_baba7ce105c151d8,9c8b7220c2ff73efa9211acecb1fbbb7373ba1b3b3f9ff761deac1ab41716a83,25,0.060452778412988746,-0.008494549889473298,0.6391493254058999
d100_delay_median_cap1,d200_delay_median_cap1,borough_most_efficient,borough,most_efficient,Staten Island,Hazard,candidate_d100_delay_median_cap1_borough_c7df3d1fd0b07964,d75d21eacf056c54fe6739956c16a8a6d4d7fd75e61fbcf2bc8e8a06fcc3a4cb,25,1.0,candidate_d200_delay_median_cap1_borough_baba7ce105c151d8,9c8b7220c2ff73efa9211acecb1fbbb7373ba1b3b3f9ff761deac1ab41716a83,25,1.0,0.0,0.6998405103668262
d100_delay_median_cap1,d200_delay_median_cap1,borough_most_efficient,borough,most_efficient,Staten Island,Illegal Tree Damage,candidate_d100_delay_median_cap1_borough_c7df3d1fd0b07964,d75d21eacf056c54fe6739956c16a8a6d4d7fd75e61fbcf2bc8e8a06fcc3a4cb,25,0.8416565656565657,candidate_d200_delay_median_cap1_borough_baba7ce105c151d8,9c8b7220c2ff73efa9211acecb1fbbb7373ba1b3b3f9ff761deac1ab41716a83,25,0.9983434343434344,0.15668686868686876,0.5121212121212121
d100_delay_median_cap1,d200_delay_median_cap1,borough_most_efficient,borough,most_efficient,Staten Island,Other,candidate_d100_delay_median_cap1_borough_c7df3d1fd0b07964,d75d21eacf056c54fe6739956c16a8a6d4d7fd75e61fbcf2bc8e8a06fcc3a4cb,25,0.9937349397590362,candidate_d200_delay_median_cap1_borough_baba7ce105c151d8,9c8b7220c2ff73efa9211acecb1fbbb7373ba1b3b3f9ff761deac1ab41716a83,25,1.0,0.006265060240963849,0.7831325301204819
d100_delay_median_cap1,d200_delay_median_cap1,borough_most_efficient,borough,most_efficient,Staten Island,Prune,candidate_d100_delay_median_cap1_borough_c7df3d1fd0b07964,d75d21eacf056c54fe6739956c16a8a6d4d7fd75e61fbcf2bc8e8a06fcc3a4cb,25,0.1417970436804517,candidate_d200_delay_median_cap1_borough_baba7ce105c151d8,9c8b7220c2ff73efa9211acecb1fbbb7373ba1b3b3f9ff761deac1ab41716a83,25,0.09120079720976579,-0.05059624647068592,0.3766816143497757
d100_delay_median_cap1,d200_delay_median_cap1,borough_most_efficient,borough,most_efficient,Staten Island,Remove Tree,candidate_d100_delay_median_cap1_borough_c7df3d1fd0b07964,d75d21eacf056c54fe6739956c16a8a6d4d7fd75e61fbcf2bc8e8a06fcc3a4cb,25,0.9268139609349985,candidate_d200_delay_median_cap1_borough_baba7ce105c151d8,9c8b7220c2ff73efa9211acecb1fbbb7373ba1b3b3f9ff761deac1ab41716a83,25,0.878379763048351,-0.04843419788664749,0.8146013448607109
d100_delay_median_cap1,d200_delay_median_cap1,borough_most_efficient,borough,most_efficient,Staten Island,Root/Sewer/Sidewalk,candidate_d100_delay_median_cap1_borough_c7df3d1fd0b07964,d75d21eacf056c54fe6739956c16a8a6d4d7fd75e61fbcf2bc8e8a06fcc3a4cb,25,0.20781376518218622,candidate_d200_delay_median_cap1_borough_baba7ce105c151d8,9c8b7220c2ff73efa9211acecb1fbbb7373ba1b3b3f9ff761deac1ab41716a83,25,0.14788124156545204,-0.05993252361673418,0.6897773279352226
d100_delay_median_cap1,d200_delay_median_cap1,borough_most_equitable,borough,most_equitable,Bronx,Hazard,candidate_d100_delay_median_cap1_borough_9da82092c7ffaf17,3ddf760e53e2891ee7500c6abd9312b54557d9d1d0a4c6d79fb33f498515ea3e,25,0.9344909234411997,candidate_d200_delay_median_cap1_borough_f9aa0855bb1e5ca2,4b4270df7e81782988215f8398e0c575600c25b47e7a4a1d5ea28b6348972c3e,25,0.8850618258353065,-0.0494290976058932,0.824388318863457
d100_delay_median_cap1,d200_delay_median_cap1,borough_most_equitable,borough,most_equitable,Bronx,Illegal Tree Damage,candidate_d100_delay_median_cap1_borough_9da82092c7ffaf17,3ddf760e53e2891ee7500c6abd9312b54557d9d1d0a4c6d79fb33f498515ea3e,25,0.967921760391198,candidate_d200_delay_median_cap1_borough_f9aa0855bb1e5ca2,4b4270df7e81782988215f8398e0c575600c25b47e7a4a1d5ea28b6348972c3e,25,0.9864058679706602,0.018484107579462172,0.8092909535452323
d100_delay_median_cap1,d200_delay_median_cap1,borough_most_equitable,borough,most_equitable,Bronx,Other,candidate_d100_delay_median_cap1_borough_9da82092c7ffaf17,3ddf760e53e2891ee7500c6abd9312b54557d9d1d0a4c6d79fb33f498515ea3e,25,0.9957333333333334,candidate_d200_delay_median_cap1_borough_f9aa0855bb1e5ca2,4b4270df7e81782988215f8398e0c575600c25b47e7a4a1d5ea28b6348972c3e,25,0.9984000000000001,0.002666666666666706,0.9333333333333332
d100_delay_median_cap1,d200_delay_median_cap1,borough_most_equitable,borough,most_equitable,Bronx,Prune,candidate_d100_delay_median_cap1_borough_9da82092c7ffaf17,3ddf760e53e2891ee7500c6abd9312b54557d9d1d0a4c6d79fb33f498515ea3e,25,0.09371826371826368,candidate_d200_delay_median_cap1_borough_f9aa0855bb1e5ca2,4b4270df7e81782988215f8398e0c575600c25b47e7a4a1d5ea28b6348972c3e,25,0.043685503685503634,-0.05003276003276005,0.8538083538083538
d100_delay_median_cap1,d200_delay_median_cap1,borough_most_equitable,borough,most_equitable,Bronx,Remove Tree,candidate_d100_delay_median_cap1_borough_9da82092c7ffaf17,3ddf760e53e2891ee7500c6abd9312b54557d9d1d0a4c6d79fb33f498515ea3e,25,0.7226449275362319,candidate_d200_delay_median_cap1_borough_f9aa0855bb1e5ca2,4b4270df7e81782988215f8398e0c575600c25b47e7a4a1d5ea28b6348972c3e,25,0.505,-0.21764492753623188,0.9001358695652174
d100_delay_median_cap1,d200_delay_median_cap1,borough_most_equitable,borough,most_equitable,Bronx,Root/Sewer/Sidewalk,candidate_d100_delay_median_cap1_borough_9da82092c7ffaf17,3ddf760e53e2891ee7500c6abd9312b54557d9d1d0a4c6d79fb33f498515ea3e,25,0.9262458153993305,candidate_d200_delay_median_cap1_borough_f9aa0855bb1e5ca2,4b4270df7e81782988215f8398e0c575600c25b47e7a4a1d5ea28b6348972c3e,25,0.9681874701099952,0.04194165471066469,0.56025824964132
d100_delay_median_cap1,d200_delay_median_cap1,borough_most_equitable,borough,most_equitable,Brooklyn,Hazard,candidate_d100_delay_median_cap1_borough_9da82092c7ffaf17,3ddf760e53e2891ee7500c6abd9312b54557d9d1d0a4c6d79fb33f498515ea3e,25,0.9435498831014526,candidate_d200_delay_median_cap1_borough_f9aa0855bb1e5ca2,4b4270df7e81782988215f8398e0c575600c25b47e7a4a1d5ea28b6348972c3e,25,0.903793645318309,-0.03975623778314363,0.8565022421524664
d100_delay_median_cap1,d200_delay_median_cap1,borough_most_equitable,borough,most_equitable,Brooklyn,Illegal Tree Damage,candidate_d100_delay_median_cap1_borough_9da82092c7ffaf17,3ddf760e53e2891ee7500c6abd9312b54557d9d1d0a4c6d79fb33f498515ea3e,25,0.9971680654185496,candidate_d200_delay_median_cap1_borough_f9aa0855bb1e5ca2,4b4270df7e81782988215f8398e0c575600c25b47e7a4a1d5ea28b6348972c3e,25,0.9992769528728211,0.002108887454271513,0.9122014202711428
d100_delay_median_cap1,d200_delay_median_cap1,borough_most_equitable,borough,most_equitable,Brooklyn,Other,candidate_d100_delay_median_cap1_borough_9da82092c7ffaf17,3ddf760e53e2891ee7500c6abd9312b54557d9d1d0a4c6d79fb33f498515ea3e,25,0.9997080291970804,candidate_d200_delay_median_cap1_borough_f9aa0855bb1e5ca2,4b4270df7e81782988215f8398e0c575600c25b47e7a4a1d5ea28b6348972c3e,25,0.9997080291970804,0.0,0.7226277372262774
d100_delay_median_cap1,d200_delay_median_cap1,borough_most_equitable,borough,most_equitable,Brooklyn,Prune,candidate_d100_delay_median_cap1_borough_9da82092c7ffaf17,3ddf760e53e2891ee7500c6abd9312b54557d9d1d0a4c6d79fb33f498515ea3e,25,0.1445474285005273,candidate_d200_delay_median_cap1_borough_f9aa0855bb1e5ca2,4b4270df7e81782988215f8398e0c575600c25b47e7a4a1d5ea28b6348972c3e,25,0.08468515416589115,-0.059862274334636145,0.1714126186487995
d100_delay_median_cap1,d200_delay_median_cap1,borough_most_equitable,borough,most_equitable,Brooklyn,Remove Tree,candidate_d100_delay_median_cap1_borough_9da82092c7ffaf17,3ddf760e53e2891ee7500c6abd9312b54557d9d1d0a4c6d79fb33f498515ea3e,25,0.714963974213121,candidate_d200_delay_median_cap1_borough_f9aa0855bb1e5ca2,4b4270df7e81782988215f8398e0c575600c25b47e7a4a1d5ea28b6348972c3e,25,0.5209215017064847,-0.1940424725066363,0.9354379977246872
d100_delay_median_cap1,d200_delay_median_cap1,borough_most_equitable,borough,most_equitable,Brooklyn,Root/Sewer/Sidewalk,candidate_d100_delay_median_cap1_borough_9da82092c7ffaf17,3ddf760e53e2891ee7500c6abd9312b54557d9d1d0a4c6d79fb33f498515ea3e,25,0.9958241062954761,candidate_d200_delay_median_cap1_borough_f9aa0855bb1e5ca2,4b4270df7e81782988215f8398e0c575600c25b47e7a4a1d5ea28b6348972c3e,25,0.9414699989454814,-0.054354107349994685,0.6567541917114837
d100_delay_median_cap1,d200_delay_median_cap1,borough_most_equitable,borough,most_equitable,Manhattan,Hazard,candidate_d100_delay_median_cap1_borough_9da82092c7ffaf17,3ddf760e53e2891ee7500c6abd9312b54557d9d1d0a4c6d79fb33f498515ea3e,25,0.9545592376001732,candidate_d200_delay_median_cap1_borough_f9aa0855bb1e5ca2,4b4270df7e81782988215f8398e0c575600c25b47e7a4a1d5ea28b6348972c3e,25,0.8991812865497075,-0.055377951050465724,0.7309941520467836
d100_delay_median_cap1,d200_delay_median_cap1,borough_most_equitable,borough,most_equitable,Manhattan,Illegal Tree Damage,candidate_d100_delay_median_cap1_borough_9da82092c7ffaf17,3ddf760e53e2891ee7500c6abd9312b54557d9d1d0a4c6d79fb33f498515ea3e,25,0.9906817231283982,candidate_d200_delay_median_cap1_borough_f9aa0855bb1e5ca2,4b4270df7e81782988215f8398e0c575600c25b47e7a4a1d5ea28b6348972c3e,25,0.9678628189042242,-0.022818904224173986,0.4993726474278545
d100_delay_median_cap1,d200_delay_median_cap1,borough_most_equitable,borough,most_equitable,Manhattan,Other,candidate_d100_delay_median_cap1_borough_9da82092c7ffaf17,3ddf760e53e2891ee7500c6abd9312b54557d9d1d0a4c6d79fb33f498515ea3e,25,0.9934591194968553,candidate_d200_delay_median_cap1_borough_f9aa0855bb1e5ca2,4b4270df7e81782988215f8398e0c575600c25b47e7a4a1d5ea28b6348972c3e,25,1.0,0.006540880503144719,0.9245283018867924
d100_delay_median_cap1,d200_delay_median_cap1,borough_most_equitable,borough,most_equitable,Manhattan,Prune,candidate_d100_delay_median_cap1_borough_9da82092c7ffaf17,3ddf760e53e2891ee7500c6abd9312b54557d9d1d0a4c6d79fb33f498515ea3e,25,0.14324761204996322,candidate_d200_delay_median_cap1_borough_f9aa0855bb1e5ca2,4b4270df7e81782988215f8398e0c575600c25b47e7a4a1d5ea28b6348972c3e,25,0.05272593681116821,-0.09052167523879501,0.861131520940485
d100_delay_median_cap1,d200_delay_median_cap1,borough_most_equitable,borough,most_equitable,Manhattan,Remove Tree,candidate_d100_delay_median_cap1_borough_9da82092c7ffaf17,3ddf760e53e2891ee7500c6abd9312b54557d9d1d0a4c6d79fb33f498515ea3e,25,0.7215112899619942,candidate_d200_delay_median_cap1_borough_f9aa0855bb1e5ca2,4b4270df7e81782988215f8398e0c575600c25b47e7a4a1d5ea28b6348972c3e,25,0.5007288173485357,-0.2207824726134585,0.6284372904091214
d100_delay_median_cap1,d200_delay_median_cap1,borough_most_equitable,borough,most_equitable,Manhattan,Root/Sewer/Sidewalk,candidate_d100_delay_median_cap1_borough_9da82092c7ffaf17,3ddf760e53e2891ee7500c6abd9312b54557d9d1d0a4c6d79fb33f498515ea3e,25,0.9978510378510379,candidate_d200_delay_median_cap1_borough_f9aa0855bb1e5ca2,4b4270df7e81782988215f8398e0c575600c25b47e7a4a1d5ea28b6348972c3e,25,0.9761660561660561,-0.021684981684981786,0.1538461538461538
d100_delay_median_cap1,d200_delay_median_cap1,borough_most_equitable,borough,most_equitable,Queens,Hazard,candidate_d100_delay_median_cap1_borough_9da82092c7ffaf17,3ddf760e53e2891ee7500c6abd9312b54557d9d1d0a4c6d79fb33f498515ea3e,25,0.9175369340271547,candidate_d200_delay_median_cap1_borough_f9aa0855bb1e5ca2,4b4270df7e81782988215f8398e0c575600c25b47e7a4a1d5ea28b6348972c3e,25,0.8766828159578922,-0.040854118069262535,0.842275255697111
d100_delay_median_cap1,d200_delay_median_cap1,borough_most_equitable,borough,most_equitable,Queens,Illegal Tree Damage,candidate_d100_delay_median_cap1_borough_9da82092c7ffaf17,3ddf760e53e2891ee7500c6abd9312b54557d9d1d0a4c6d79fb33f498515ea3e,25,0.9967365967365968,candidate_d200_delay_median_cap1_borough_f9aa0855bb1e5ca2,4b4270df7e81782988215f8398e0c575600c25b47e7a4a1d5ea28b6348972c3e,25,0.996902356902357,0.00016576016576019814,0.7257187257187258
d100_delay_median_cap1,d200_delay_median_cap1,borough_most_equitable,borough,most_equitable,Queens,Other,candidate_d100_delay_median_cap1_borough_9da82092c7ffaf17,3ddf760e53e2891ee7500c6abd9312b54557d9d1d0a4c6d79fb33f498515ea3e,25,0.9966045548654244,candidate_d200_delay_median_cap1_borough_f9aa0855bb1e5ca2,4b4270df7e81782988215f8398e0c575600c25b47e7a4a1d5ea28b6348972c3e,25,0.9961904761904762,-0.00041407867494824835,0.8136645962732919
d100_delay_median_cap1,d200_delay_median_cap1,borough_most_equitable,borough,most_equitable,Queens,Prune,candidate_d100_delay_median_cap1_borough_9da82092c7ffaf17,3ddf760e53e2891ee7500c6abd9312b54557d9d1d0a4c6d79fb33f498515ea3e,25,0.07750948639837524,candidate_d200_delay_median_cap1_borough_f9aa0855bb1e5ca2,4b4270df7e81782988215f8398e0c575600c25b47e7a4a1d5ea28b6348972c3e,25,0.04778151889262995,-0.029727967505745287,0.244668911335578
d100_delay_median_cap1,d200_delay_median_cap1,borough_most_equitable,borough,most_equitable,Queens,Remove Tree,candidate_d100_delay_median_cap1_borough_9da82092c7ffaf17,3ddf760e53e2891ee7500c6abd9312b54557d9d1d0a4c6d79fb33f498515ea3e,25,0.6396411764705882,candidate_d200_delay_median_cap1_borough_f9aa0855bb1e5ca2,4b4270df7e81782988215f8398e0c575600c25b47e7a4a1d5ea28b6348972c3e,25,0.4941372549019608,-0.14550392156862735,0.84
d100_delay_median_cap1,d200_delay_median_cap1,borough_most_equitable,borough,most_equitable,Queens,Root/Sewer/Sidewalk,candidate_d100_delay_median_cap1_borough_9da82092c7ffaf17,3ddf760e53e2891ee7500c6abd9312b54557d9d1d0a4c6d79fb33f498515ea3e,25,0.1117249790380364,candidate_d200_delay_median_cap1_borough_f9aa0855bb1e5ca2,4b4270df7e81782988215f8398e0c575600c25b47e7a4a1d5ea28b6348972c3e,25,0.8924094824300632,0.7806845033920269,0.6391493254058999
d100_delay_median_cap1,d200_delay_median_cap1,borough_most_equitable,borough,most_equitable,Staten Island,Hazard,candidate_d100_delay_median_cap1_borough_9da82092c7ffaf17,3ddf760e53e2891ee7500c6abd9312b54557d9d1d0a4c6d79fb33f498515ea3e,25,0.951732057416268,candidate_d200_delay_median_cap1_borough_f9aa0855bb1e5ca2,4b4270df7e81782988215f8398e0c575600c25b47e7a4a1d5ea28b6348972c3e,25,0.9314066985645932,-0.020325358851674746,0.6998405103668262
d100_delay_median_cap1,d200_delay_median_cap1,borough_most_equitable,borough,most_equitable,Staten Island,Illegal Tree Damage,candidate_d100_delay_median_cap1_borough_9da82092c7ffaf17,3ddf760e53e2891ee7500c6abd9312b54557d9d1d0a4c6d79fb33f498515ea3e,25,0.9973333333333333,candidate_d200_delay_median_cap1_borough_f9aa0855bb1e5ca2,4b4270df7e81782988215f8398e0c575600c25b47e7a4a1d5ea28b6348972c3e,25,0.9966868686868686,-0.0006464646464646728,0.5121212121212121
d100_delay_median_cap1,d200_delay_median_cap1,borough_most_equitable,borough,most_equitable,Staten Island,Other,candidate_d100_delay_median_cap1_borough_9da82092c7ffaf17,3ddf760e53e2891ee7500c6abd9312b54557d9d1d0a4c6d79fb33f498515ea3e,25,0.9937349397590362,candidate_d200_delay_median_cap1_borough_f9aa0855bb1e5ca2,4b4270df7e81782988215f8398e0c575600c25b47e7a4a1d5ea28b6348972c3e,25,0.9893975903614458,-0.00433734939759034,0.7831325301204819
d100_delay_median_cap1,d200_delay_median_cap1,borough_most_equitable,borough,most_equitable,Staten Island,Prune,candidate_d100_delay_median_cap1_borough_9da82092c7ffaf17,3ddf760e53e2891ee7500c6abd9312b54557d9d1d0a4c6d79fb33f498515ea3e,25,0.1064540773957814,candidate_d200_delay_median_cap1_borough_f9aa0855bb1e5ca2,4b4270df7e81782988215f8398e0c575600c25b47e7a4a1d5ea28b6348972c3e,25,0.0971998006975585,-0.009254276698222902,0.3766816143497757
d100_delay_median_cap1,d200_delay_median_cap1,borough_most_equitable,borough,most_equitable,Staten Island,Remove Tree,candidate_d100_delay_median_cap1_borough_9da82092c7ffaf17,3ddf760e53e2891ee7500c6abd9312b54557d9d1d0a4c6d79fb33f498515ea3e,25,0.7016458533461416,candidate_d200_delay_median_cap1_borough_f9aa0855bb1e5ca2,4b4270df7e81782988215f8398e0c575600c25b47e7a4a1d5ea28b6348972c3e,25,0.5311559398014729,-0.1704899135446687,0.8146013448607109
d100_delay_median_cap1,d200_delay_median_cap1,borough_most_equitable,borough,most_equitable,Staten Island,Root/Sewer/Sidewalk,candidate_d100_delay_median_cap1_borough_9da82092c7ffaf17,3ddf760e53e2891ee7500c6abd9312b54557d9d1d0a4c6d79fb33f498515ea3e,25,0.1374291497975708,candidate_d200_delay_median_cap1_borough_f9aa0855bb1e5ca2,4b4270df7e81782988215f8398e0c575600c25b47e7a4a1d5ea28b6348972c3e,25,0.8163495276653171,0.6789203778677463,0.6897773279352226
d100_delay_median_cap1,d200_delay_median_cap1,city_balanced,city,balanced,Bronx,Hazard,candidate_d100_delay_median_cap1_city_8750ba64fb5a6a21,d2155f4ed96c16ec94f65c3dec053214803c3843b41713176a711cbcffbd30c2,25,0.9988634569850039,candidate_d200_delay_median_cap1_city_ae5ff0a539b804d7,29459ce89f0e28ab6f884635956ea144974ec576e85b0b09910cc11258bb9dab,25,0.9967113917390161,-0.0021520652459877665,0.824388318863457
d100_delay_median_cap1,d200_delay_median_cap1,city_balanced,city,balanced,Bronx,Illegal Tree Damage,candidate_d100_delay_median_cap1_city_8750ba64fb5a6a21,d2155f4ed96c16ec94f65c3dec053214803c3843b41713176a711cbcffbd30c2,25,1.0,candidate_d200_delay_median_cap1_city_ae5ff0a539b804d7,29459ce89f0e28ab6f884635956ea144974ec576e85b0b09910cc11258bb9dab,25,0.9984026079869601,-0.0015973920130398778,0.8092909535452323
d100_delay_median_cap1,d200_delay_median_cap1,city_balanced,city,balanced,Bronx,Other,candidate_d100_delay_median_cap1_city_8750ba64fb5a6a21,d2155f4ed96c16ec94f65c3dec053214803c3843b41713176a711cbcffbd30c2,25,1.0,candidate_d200_delay_median_cap1_city_ae5ff0a539b804d7,29459ce89f0e28ab6f884635956ea144974ec576e85b0b09910cc11258bb9dab,25,1.0,0.0,0.9333333333333332
d100_delay_median_cap1,d200_delay_median_cap1,city_balanced,city,balanced,Bronx,Prune,candidate_d100_delay_median_cap1_city_8750ba64fb5a6a21,d2155f4ed96c16ec94f65c3dec053214803c3843b41713176a711cbcffbd30c2,25,0.1121539721539721,candidate_d200_delay_median_cap1_city_ae5ff0a539b804d7,29459ce89f0e28ab6f884635956ea144974ec576e85b0b09910cc11258bb9dab,25,0.20769860769860768,0.09554463554463558,0.8538083538083538
d100_delay_median_cap1,d200_delay_median_cap1,city_balanced,city,balanced,Bronx,Remove Tree,candidate_d100_delay_median_cap1_city_8750ba64fb5a6a21,d2155f4ed96c16ec94f65c3dec053214803c3843b41713176a711cbcffbd30c2,25,0.9679438405797102,candidate_d200_delay_median_cap1_city_ae5ff0a539b804d7,29459ce89f0e28ab6f884635956ea144974ec576e85b0b09910cc11258bb9dab,25,0.9921014492753624,0.0241576086956522,0.9001358695652174
d100_delay_median_cap1,d200_delay_median_cap1,city_balanced,city,balanced,Bronx,Root/Sewer/Sidewalk,candidate_d100_delay_median_cap1_city_8750ba64fb5a6a21,d2155f4ed96c16ec94f65c3dec053214803c3843b41713176a711cbcffbd30c2,25,0.1556862745098039,candidate_d200_delay_median_cap1_city_ae5ff0a539b804d7,29459ce89f0e28ab6f884635956ea144974ec576e85b0b09910cc11258bb9dab,25,0.16417025346724054,0.008483978957436633,0.56025824964132
d100_delay_median_cap1,d200_delay_median_cap1,city_balanced,city,balanced,Brooklyn,Hazard,candidate_d100_delay_median_cap1_city_8750ba64fb5a6a21,d2155f4ed96c16ec94f65c3dec053214803c3843b41713176a711cbcffbd30c2,25,0.9900318117358476,candidate_d200_delay_median_cap1_city_ae5ff0a539b804d7,29459ce89f0e28ab6f884635956ea144974ec576e85b0b09910cc11258bb9dab,25,0.9753416887049174,-0.014690123030930202,0.8565022421524664
d100_delay_median_cap1,d200_delay_median_cap1,city_balanced,city,balanced,Brooklyn,Illegal Tree Damage,candidate_d100_delay_median_cap1_city_8750ba64fb5a6a21,d2155f4ed96c16ec94f65c3dec053214803c3843b41713176a711cbcffbd30c2,25,0.9966516031848505,candidate_d200_delay_median_cap1_city_ae5ff0a539b804d7,29459ce89f0e28ab6f884635956ea144974ec576e85b0b09910cc11258bb9dab,25,0.9978136432106736,0.0011620400258230967,0.9122014202711428
d100_delay_median_cap1,d200_delay_median_cap1,city_balanced,city,balanced,Brooklyn,Other,candidate_d100_delay_median_cap1_city_8750ba64fb5a6a21,d2155f4ed96c16ec94f65c3dec053214803c3843b41713176a711cbcffbd30c2,25,0.9992214111922141,candidate_d200_delay_median_cap1_city_ae5ff0a539b804d7,29459ce89f0e28ab6f884635956ea144974ec576e85b0b09910cc11258bb9dab,25,0.9998053527980535,0.0005839416058394109,0.7226277372262774
d100_delay_median_cap1,d200_delay_median_cap1,city_balanced,city,balanced,Brooklyn,Prune,candidate_d100_delay_median_cap1_city_8750ba64fb5a6a21,d2155f4ed96c16ec94f65c3dec053214803c3843b41713176a711cbcffbd30c2,25,0.10244307959550836,candidate_d200_delay_median_cap1_city_ae5ff0a539b804d7,29459ce89f0e28ab6f884635956ea144974ec576e85b0b09910cc11258bb9dab,25,0.07289534090204103,-0.02954773869346733,0.1714126186487995
d100_delay_median_cap1,d200_delay_median_cap1,city_balanced,city,balanced,Brooklyn,Remove Tree,candidate_d100_delay_median_cap1_city_8750ba64fb5a6a21,d2155f4ed96c16ec94f65c3dec053214803c3843b41713176a711cbcffbd30c2,25,0.9984338263177854,candidate_d200_delay_median_cap1_city_ae5ff0a539b804d7,29459ce89f0e28ab6f884635956ea144974ec576e85b0b09910cc11258bb9dab,25,0.7776374668183541,-0.22079635949943133,0.9354379977246872
d100_delay_median_cap1,d200_delay_median_cap1,city_balanced,city,balanced,Brooklyn,Root/Sewer/Sidewalk,candidate_d100_delay_median_cap1_city_8750ba64fb5a6a21,d2155f4ed96c16ec94f65c3dec053214803c3843b41713176a711cbcffbd30c2,25,0.1665042708003796,candidate_d200_delay_median_cap1_city_ae5ff0a539b804d7,29459ce89f0e28ab6f884635956ea144974ec576e85b0b09910cc11258bb9dab,25,0.1206495834651481,-0.0458546873352315,0.6567541917114837
d100_delay_median_cap1,d200_delay_median_cap1,city_balanced,city,balanced,Manhattan,Hazard,candidate_d100_delay_median_cap1_city_8750ba64fb5a6a21,d2155f4ed96c16ec94f65c3dec053214803c3843b41713176a711cbcffbd30c2,25,0.9947238466536712,candidate_d200_delay_median_cap1_city_ae5ff0a539b804d7,29459ce89f0e28ab6f884635956ea144974ec576e85b0b09910cc11258bb9dab,25,0.9981113277019711,0.0033874810482998896,0.7309941520467836
d100_delay_median_cap1,d200_delay_median_cap1,city_balanced,city,balanced,Manhattan,Illegal Tree Damage,candidate_d100_delay_median_cap1_city_8750ba64fb5a6a21,d2155f4ed96c16ec94f65c3dec053214803c3843b41713176a711cbcffbd30c2,25,0.991283981597658,candidate_d200_delay_median_cap1_city_ae5ff0a539b804d7,29459ce89f0e28ab6f884635956ea144974ec576e85b0b09910cc11258bb9dab,25,0.9964031785863655,0.005119196988707553,0.4993726474278545
d100_delay_median_cap1,d200_delay_median_cap1,city_balanced,city,balanced,Manhattan,Other,candidate_d100_delay_median_cap1_city_8750ba64fb5a6a21,d2155f4ed96c16ec94f65c3dec053214803c3843b41713176a711cbcffbd30c2,25,0.9972327044025157,candidate_d200_delay_median_cap1_city_ae5ff0a539b804d7,29459ce89f0e28ab6f884635956ea144974ec576e85b0b09910cc11258bb9dab,25,0.9884276729559748,-0.008805031446540879,0.9245283018867924
d100_delay_median_cap1,d200_delay_median_cap1,city_balanced,city,balanced,Manhattan,Prune,candidate_d100_delay_median_cap1_city_8750ba64fb5a6a21,d2155f4ed96c16ec94f65c3dec053214803c3843b41713176a711cbcffbd30c2,25,0.102816556453588,candidate_d200_delay_median_cap1_city_ae5ff0a539b804d7,29459ce89f0e28ab6f884635956ea144974ec576e85b0b09910cc11258bb9dab,25,0.09309821209894681,-0.009718344354641195,0.861131520940485
d100_delay_median_cap1,d200_delay_median_cap1,city_balanced,city,balanced,Manhattan,Remove Tree,candidate_d100_delay_median_cap1_city_8750ba64fb5a6a21,d2155f4ed96c16ec94f65c3dec053214803c3843b41713176a711cbcffbd30c2,25,0.9987927565392354,candidate_d200_delay_median_cap1_city_ae5ff0a539b804d7,29459ce89f0e28ab6f884635956ea144974ec576e85b0b09910cc11258bb9dab,25,0.9989716074223116,0.00017885088307623143,0.6284372904091214
d100_delay_median_cap1,d200_delay_median_cap1,city_balanced,city,balanced,Manhattan,Root/Sewer/Sidewalk,candidate_d100_delay_median_cap1_city_8750ba64fb5a6a21,d2155f4ed96c16ec94f65c3dec053214803c3843b41713176a711cbcffbd30c2,25,0.3322588522588522,candidate_d200_delay_median_cap1_city_ae5ff0a539b804d7,29459ce89f0e28ab6f884635956ea144974ec576e85b0b09910cc11258bb9dab,25,0.2646153846153846,-0.06764346764346763,0.1538461538461538
d100_delay_median_cap1,d200_delay_median_cap1,city_balanced,city,balanced,Queens,Hazard,candidate_d100_delay_median_cap1_city_8750ba64fb5a6a21,d2155f4ed96c16ec94f65c3dec053214803c3843b41713176a711cbcffbd30c2,25,0.9530330761409175,candidate_d200_delay_median_cap1_city_ae5ff0a539b804d7,29459ce89f0e28ab6f884635956ea144974ec576e85b0b09910cc11258bb9dab,25,1.0,0.04696692385908252,0.842275255697111
d100_delay_median_cap1,d200_delay_median_cap1,city_balanced,city,balanced,Queens,Illegal Tree Damage,candidate_d100_delay_median_cap1_city_8750ba64fb5a6a21,d2155f4ed96c16ec94f65c3dec053214803c3843b41713176a711cbcffbd30c2,25,0.9962393162393163,candidate_d200_delay_median_cap1_city_ae5ff0a539b804d7,29459ce89f0e28ab6f884635956ea144974ec576e85b0b09910cc11258bb9dab,25,0.9976171976171976,0.001377881377881307,0.7257187257187258
d100_delay_median_cap1,d200_delay_median_cap1,city_balanced,city,balanced,Queens,Other,candidate_d100_delay_median_cap1_city_8750ba64fb5a6a21,d2155f4ed96c16ec94f65c3dec053214803c3843b41713176a711cbcffbd30c2,25,0.995031055900621,candidate_d200_delay_median_cap1_city_ae5ff0a539b804d7,29459ce89f0e28ab6f884635956ea144974ec576e85b0b09910cc11258bb9dab,25,1.0,0.00496894409937898,0.8136645962732919
d100_delay_median_cap1,d200_delay_median_cap1,city_balanced,city,balanced,Queens,Prune,candidate_d100_delay_median_cap1_city_8750ba64fb5a6a21,d2155f4ed96c16ec94f65c3dec053214803c3843b41713176a711cbcffbd30c2,25,0.0626604671049115,candidate_d200_delay_median_cap1_city_ae5ff0a539b804d7,29459ce89f0e28ab6f884635956ea144974ec576e85b0b09910cc11258bb9dab,25,0.05009032120143227,-0.012570145903479227,0.244668911335578
d100_delay_median_cap1,d200_delay_median_cap1,city_balanced,city,balanced,Queens,Remove Tree,candidate_d100_delay_median_cap1_city_8750ba64fb5a6a21,d2155f4ed96c16ec94f65c3dec053214803c3843b41713176a711cbcffbd30c2,25,0.7920392156862746,candidate_d200_delay_median_cap1_city_ae5ff0a539b804d7,29459ce89f0e28ab6f884635956ea144974ec576e85b0b09910cc11258bb9dab,25,0.7092039215686274,-0.08283529411764712,0.84
d100_delay_median_cap1,d200_delay_median_cap1,city_balanced,city,balanced,Queens,Root/Sewer/Sidewalk,candidate_d100_delay_median_cap1_city_8750ba64fb5a6a21,d2155f4ed96c16ec94f65c3dec053214803c3843b41713176a711cbcffbd30c2,25,0.11749676042381277,candidate_d200_delay_median_cap1_city_ae5ff0a539b804d7,29459ce89f0e28ab6f884635956ea144974ec576e85b0b09910cc11258bb9dab,25,0.0900251543562771,-0.027471606067535667,0.6391493254058999
d100_delay_median_cap1,d200_delay_median_cap1,city_balanced,city,balanced,Staten Island,Hazard,candidate_d100_delay_median_cap1_city_8750ba64fb5a6a21,d2155f4ed96c16ec94f65c3dec053214803c3843b41713176a711cbcffbd30c2,25,0.9976735778841043,candidate_d200_delay_median_cap1_city_ae5ff0a539b804d7,29459ce89f0e28ab6f884635956ea144974ec576e85b0b09910cc11258bb9dab,25,0.9953854332801702,-0.002288144603934117,0.6998405103668262
d100_delay_median_cap1,d200_delay_median_cap1,city_balanced,city,balanced,Staten Island,Illegal Tree Damage,candidate_d100_delay_median_cap1_city_8750ba64fb5a6a21,d2155f4ed96c16ec94f65c3dec053214803c3843b41713176a711cbcffbd30c2,25,0.9978181818181818,candidate_d200_delay_median_cap1_city_ae5ff0a539b804d7,29459ce89f0e28ab6f884635956ea144974ec576e85b0b09910cc11258bb9dab,25,1.0,0.0021818181818181737,0.5121212121212121
d100_delay_median_cap1,d200_delay_median_cap1,city_balanced,city,balanced,Staten Island,Other,candidate_d100_delay_median_cap1_city_8750ba64fb5a6a21,d2155f4ed96c16ec94f65c3dec053214803c3843b41713176a711cbcffbd30c2,25,0.998714859437751,candidate_d200_delay_median_cap1_city_ae5ff0a539b804d7,29459ce89f0e28ab6f884635956ea144974ec576e85b0b09910cc11258bb9dab,25,0.9988755020080322,0.00016064257028125528,0.7831325301204819
d100_delay_median_cap1,d200_delay_median_cap1,city_balanced,city,balanced,Staten Island,Prune,candidate_d100_delay_median_cap1_city_8750ba64fb5a6a21,d2155f4ed96c16ec94f65c3dec053214803c3843b41713176a711cbcffbd30c2,25,0.11366882577644905,candidate_d200_delay_median_cap1_city_ae5ff0a539b804d7,29459ce89f0e28ab6f884635956ea144974ec576e85b0b09910cc11258bb9dab,25,1.0,0.8863311742235509,0.3766816143497757
d100_delay_median_cap1,d200_delay_median_cap1,city_balanced,city,balanced,Staten Island,Remove Tree,candidate_d100_delay_median_cap1_city_8750ba64fb5a6a21,d2155f4ed96c16ec94f65c3dec053214803c3843b41713176a711cbcffbd30c2,25,0.8691770733269293,candidate_d200_delay_median_cap1_city_ae5ff0a539b804d7,29459ce89f0e28ab6f884635956ea144974ec576e85b0b09910cc11258bb9dab,25,0.7485494716618636,-0.1206276016650657,0.8146013448607109
d100_delay_median_cap1,d200_delay_median_cap1,city_balanced,city,balanced,Staten Island,Root/Sewer/Sidewalk,candidate_d100_delay_median_cap1_city_8750ba64fb5a6a21,d2155f4ed96c16ec94f65c3dec053214803c3843b41713176a711cbcffbd30c2,25,0.23381241565452085,candidate_d200_delay_median_cap1_city_ae5ff0a539b804d7,29459ce89f0e28ab6f884635956ea144974ec576e85b0b09910cc11258bb9dab,25,0.13835357624831307,-0.09545883940620778,0.6897773279352226
d100_delay_median_cap1,d200_delay_median_cap1,city_most_efficient,city,most_efficient,Bronx,Hazard,candidate_d100_delay_median_cap1_city_9df8d9895369c391,d612a94a822bad3632a693e1de6424c1175cb9dbb61b188df984f2fe52136268,25,0.9917811102341488,candidate_d200_delay_median_cap1_city_3fff755b42b72dbe,2714f20bbcbf1ed321005876daac59d463c8eefffc6856c4ab99c1152503ba8f,25,0.9974375164430412,0.005656406208892406,0.824388318863457
d100_delay_median_cap1,d200_delay_median_cap1,city_most_efficient,city,most_efficient,Bronx,Illegal Tree Damage,candidate_d100_delay_median_cap1_city_9df8d9895369c391,d612a94a822bad3632a693e1de6424c1175cb9dbb61b188df984f2fe52136268,25,1.0,candidate_d200_delay_median_cap1_city_3fff755b42b72dbe,2714f20bbcbf1ed321005876daac59d463c8eefffc6856c4ab99c1152503ba8f,25,0.9995436022819885,-0.0004563977180115364,0.8092909535452323
d100_delay_median_cap1,d200_delay_median_cap1,city_most_efficient,city,most_efficient,Bronx,Other,candidate_d100_delay_median_cap1_city_9df8d9895369c391,d612a94a822bad3632a693e1de6424c1175cb9dbb61b188df984f2fe52136268,25,1.0,candidate_d200_delay_median_cap1_city_3fff755b42b72dbe,2714f20bbcbf1ed321005876daac59d463c8eefffc6856c4ab99c1152503ba8f,25,0.9946666666666667,-0.005333333333333301,0.9333333333333332
d100_delay_median_cap1,d200_delay_median_cap1,city_most_efficient,city,most_efficient,Bronx,Prune,candidate_d100_delay_median_cap1_city_9df8d9895369c391,d612a94a822bad3632a693e1de6424c1175cb9dbb61b188df984f2fe52136268,25,0.13090090090090087,candidate_d200_delay_median_cap1_city_3fff755b42b72dbe,2714f20bbcbf1ed321005876daac59d463c8eefffc6856c4ab99c1152503ba8f,25,0.13179361179361174,0.0008927108927108685,0.8538083538083538
d100_delay_median_cap1,d200_delay_median_cap1,city_most_efficient,city,most_efficient,Bronx,Remove Tree,candidate_d100_delay_median_cap1_city_9df8d9895369c391,d612a94a822bad3632a693e1de6424c1175cb9dbb61b188df984f2fe52136268,25,0.994963768115942,candidate_d200_delay_median_cap1_city_3fff755b42b72dbe,2714f20bbcbf1ed321005876daac59d463c8eefffc6856c4ab99c1152503ba8f,25,0.996286231884058,0.0013224637681159557,0.9001358695652174
d100_delay_median_cap1,d200_delay_median_cap1,city_most_efficient,city,most_efficient,Bronx,Root/Sewer/Sidewalk,candidate_d100_delay_median_cap1_city_9df8d9895369c391,d612a94a822bad3632a693e1de6424c1175cb9dbb61b188df984f2fe52136268,25,0.16709708273553323,candidate_d200_delay_median_cap1_city_3fff755b42b72dbe,2714f20bbcbf1ed321005876daac59d463c8eefffc6856c4ab99c1152503ba8f,25,0.15539933046389284,-0.011697752271640383,0.56025824964132
d100_delay_median_cap1,d200_delay_median_cap1,city_most_efficient,city,most_efficient,Brooklyn,Hazard,candidate_d100_delay_median_cap1_city_9df8d9895369c391,d612a94a822bad3632a693e1de6424c1175cb9dbb61b188df984f2fe52136268,25,0.9967743666398374,candidate_d200_delay_median_cap1_city_3fff755b42b72dbe,2714f20bbcbf1ed321005876daac59d463c8eefffc6856c4ab99c1152503ba8f,25,0.9783741520064391,-0.01840021463339836,0.8565022421524664
d100_delay_median_cap1,d200_delay_median_cap1,city_most_efficient,city,most_efficient,Brooklyn,Illegal Tree Damage,candidate_d100_delay_median_cap1_city_9df8d9895369c391,d612a94a822bad3632a693e1de6424c1175cb9dbb61b188df984f2fe52136268,25,0.9971594577146545,candidate_d200_delay_median_cap1_city_3fff755b42b72dbe,2714f20bbcbf1ed321005876daac59d463c8eefffc6856c4ab99c1152503ba8f,25,1.0,0.002840542285345471,0.9122014202711428
d100_delay_median_cap1,d200_delay_median_cap1,city_most_efficient,city,most_efficient,Brooklyn,Other,candidate_d100_delay_median_cap1_city_9df8d9895369c391,d612a94a822bad3632a693e1de6424c1175cb9dbb61b188df984f2fe52136268,25,1.0,candidate_d200_delay_median_cap1_city_3fff755b42b72dbe,2714f20bbcbf1ed321005876daac59d463c8eefffc6856c4ab99c1152503ba8f,25,1.0,0.0,0.7226277372262774
d100_delay_median_cap1,d200_delay_median_cap1,city_most_efficient,city,most_efficient,Brooklyn,Prune,candidate_d100_delay_median_cap1_city_9df8d9895369c391,d612a94a822bad3632a693e1de6424c1175cb9dbb61b188df984f2fe52136268,25,0.10330913828401261,candidate_d200_delay_median_cap1_city_3fff755b42b72dbe,2714f20bbcbf1ed321005876daac59d463c8eefffc6856c4ab99c1152503ba8f,25,0.08024567280848684,-0.023063465475525777,0.1714126186487995
d100_delay_median_cap1,d200_delay_median_cap1,city_most_efficient,city,most_efficient,Brooklyn,Remove Tree,candidate_d100_delay_median_cap1_city_9df8d9895369c391,d612a94a822bad3632a693e1de6424c1175cb9dbb61b188df984f2fe52136268,25,0.9985020857034509,candidate_d200_delay_median_cap1_city_3fff755b42b72dbe,2714f20bbcbf1ed321005876daac59d463c8eefffc6856c4ab99c1152503ba8f,25,0.5547174819871066,-0.4437846037163443,0.9354379977246872
d100_delay_median_cap1,d200_delay_median_cap1,city_most_efficient,city,most_efficient,Brooklyn,Root/Sewer/Sidewalk,candidate_d100_delay_median_cap1_city_9df8d9895369c391,d612a94a822bad3632a693e1de6424c1175cb9dbb61b188df984f2fe52136268,25,0.16960033744595587,candidate_d200_delay_median_cap1_city_3fff755b42b72dbe,2714f20bbcbf1ed321005876daac59d463c8eefffc6856c4ab99c1152503ba8f,25,0.13182748075503528,-0.03777285669092059,0.6567541917114837
d100_delay_median_cap1,d200_delay_median_cap1,city_most_efficient,city,most_efficient,Manhattan,Hazard,candidate_d100_delay_median_cap1_city_9df8d9895369c391,d612a94a822bad3632a693e1de6424c1175cb9dbb61b188df984f2fe52136268,25,0.9958761100281568,candidate_d200_delay_median_cap1_city_3fff755b42b72dbe,2714f20bbcbf1ed321005876daac59d463c8eefffc6856c4ab99c1152503ba8f,25,0.9980940004331816,0.002217890405024847,0.7309941520467836
d100_delay_median_cap1,d200_delay_median_cap1,city_most_efficient,city,most_efficient,Manhattan,Illegal Tree Damage,candidate_d100_delay_median_cap1_city_9df8d9895369c391,d612a94a822bad3632a693e1de6424c1175cb9dbb61b188df984f2fe52136268,25,0.9305060644081974,candidate_d200_delay_median_cap1_city_3fff755b42b72dbe,2714f20bbcbf1ed321005876daac59d463c8eefffc6856c4ab99c1152503ba8f,25,0.9954496026767043,0.06494353826850696,0.4993726474278545
d100_delay_median_cap1,d200_delay_median_cap1,city_most_efficient,city,most_efficient,Manhattan,Other,candidate_d100_delay_median_cap1_city_9df8d9895369c391,d612a94a822bad3632a693e1de6424c1175cb9dbb61b188df984f2fe52136268,25,0.9964779874213836,candidate_d200_delay_median_cap1_city_3fff755b42b72dbe,2714f20bbcbf1ed321005876daac59d463c8eefffc6856c4ab99c1152503ba8f,25,0.9886792452830189,-0.007798742138364734,0.9245283018867924
d100_delay_median_cap1,d200_delay_median_cap1,city_most_efficient,city,most_efficient,Manhattan,Prune,candidate_d100_delay_median_cap1_city_9df8d9895369c391,d612a94a822bad3632a693e1de6424c1175cb9dbb61b188df984f2fe52136268,25,0.12074455057555714,candidate_d200_delay_median_cap1_city_3fff755b42b72dbe,2714f20bbcbf1ed321005876daac59d463c8eefffc6856c4ab99c1152503ba8f,25,0.12771981386235606,0.006975263286798927,0.861131520940485
d100_delay_median_cap1,d200_delay_median_cap1,city_most_efficient,city,most_efficient,Manhattan,Remove Tree,candidate_d100_delay_median_cap1_city_9df8d9895369c391,d612a94a822bad3632a693e1de6424c1175cb9dbb61b188df984f2fe52136268,25,0.9987391012743125,candidate_d200_delay_median_cap1_city_3fff755b42b72dbe,2714f20bbcbf1ed321005876daac59d463c8eefffc6856c4ab99c1152503ba8f,25,0.9997227811312318,0.0009836798569192728,0.6284372904091214
d100_delay_median_cap1,d200_delay_median_cap1,city_most_efficient,city,most_efficient,Manhattan,Root/Sewer/Sidewalk,candidate_d100_delay_median_cap1_city_9df8d9895369c391,d612a94a822bad3632a693e1de6424c1175cb9dbb61b188df984f2fe52136268,25,0.37982905982905985,candidate_d200_delay_median_cap1_city_3fff755b42b72dbe,2714f20bbcbf1ed321005876daac59d463c8eefffc6856c4ab99c1152503ba8f,25,0.2653479853479853,-0.11448107448107453,0.1538461538461538
d100_delay_median_cap1,d200_delay_median_cap1,city_most_efficient,city,most_efficient,Queens,Hazard,candidate_d100_delay_median_cap1_city_9df8d9895369c391,d612a94a822bad3632a693e1de6424c1175cb9dbb61b188df984f2fe52136268,25,1.0,candidate_d200_delay_median_cap1_city_3fff755b42b72dbe,2714f20bbcbf1ed321005876daac59d463c8eefffc6856c4ab99c1152503ba8f,25,1.0,0.0,0.842275255697111
d100_delay_median_cap1,d200_delay_median_cap1,city_most_efficient,city,most_efficient,Queens,Illegal Tree Damage,candidate_d100_delay_median_cap1_city_9df8d9895369c391,d612a94a822bad3632a693e1de6424c1175cb9dbb61b188df984f2fe52136268,25,0.9935560735560734,candidate_d200_delay_median_cap1_city_3fff755b42b72dbe,2714f20bbcbf1ed321005876daac59d463c8eefffc6856c4ab99c1152503ba8f,25,0.9987464387464388,0.005190365190365309,0.7257187257187258
d100_delay_median_cap1,d200_delay_median_cap1,city_most_efficient,city,most_efficient,Queens,Other,candidate_d100_delay_median_cap1_city_9df8d9895369c391,d612a94a822bad3632a693e1de6424c1175cb9dbb61b188df984f2fe52136268,25,0.9970186335403727,candidate_d200_delay_median_cap1_city_3fff755b42b72dbe,2714f20bbcbf1ed321005876daac59d463c8eefffc6856c4ab99c1152503ba8f,25,1.0,0.0029813664596273215,0.8136645962732919
d100_delay_median_cap1,d200_delay_median_cap1,city_most_efficient,city,most_efficient,Queens,Prune,candidate_d100_delay_median_cap1_city_9df8d9895369c391,d612a94a822bad3632a693e1de6424c1175cb9dbb61b188df984f2fe52136268,25,0.06491582491582487,candidate_d200_delay_median_cap1_city_3fff755b42b72dbe,2714f20bbcbf1ed321005876daac59d463c8eefffc6856c4ab99c1152503ba8f,25,0.049457538346427195,-0.015458286569397676,0.244668911335578
d100_delay_median_cap1,d200_delay_median_cap1,city_most_efficient,city,most_efficient,Queens,Remove Tree,candidate_d100_delay_median_cap1_city_9df8d9895369c391,d612a94a822bad3632a693e1de6424c1175cb9dbb61b188df984f2fe52136268,25,0.6648039215686274,candidate_d200_delay_median_cap1_city_3fff755b42b72dbe,2714f20bbcbf1ed321005876daac59d463c8eefffc6856c4ab99c1152503ba8f,25,0.8281156862745098,0.16331176470588238,0.84
d100_delay_median_cap1,d200_delay_median_cap1,city_most_efficient,city,most_efficient,Queens,Root/Sewer/Sidewalk,candidate_d100_delay_median_cap1_city_9df8d9895369c391,d612a94a822bad3632a693e1de6424c1175cb9dbb61b188df984f2fe52136268,25,0.1408217089717204,candidate_d200_delay_median_cap1_city_3fff755b42b72dbe,2714f20bbcbf1ed321005876daac59d463c8eefffc6856c4ab99c1152503ba8f,25,0.08192392712859208,-0.05889778184312831,0.6391493254058999
d100_delay_median_cap1,d200_delay_median_cap1,city_most_efficient,city,most_efficient,Staten Island,Hazard,candidate_d100_delay_median_cap1_city_9df8d9895369c391,d612a94a822bad3632a693e1de6424c1175cb9dbb61b188df984f2fe52136268,25,0.9911451355661882,candidate_d200_delay_median_cap1_city_3fff755b42b72dbe,2714f20bbcbf1ed321005876daac59d463c8eefffc6856c4ab99c1152503ba8f,25,0.9994130781499203,0.00826794258373209,0.6998405103668262
d100_delay_median_cap1,d200_delay_median_cap1,city_most_efficient,city,most_efficient,Staten Island,Illegal Tree Damage,candidate_d100_delay_median_cap1_city_9df8d9895369c391,d612a94a822bad3632a693e1de6424c1175cb9dbb61b188df984f2fe52136268,25,0.9982222222222222,candidate_d200_delay_median_cap1_city_3fff755b42b72dbe,2714f20bbcbf1ed321005876daac59d463c8eefffc6856c4ab99c1152503ba8f,25,0.9963636363636365,-0.0018585858585857817,0.5121212121212121
d100_delay_median_cap1,d200_delay_median_cap1,city_most_efficient,city,most_efficient,Staten Island,Other,candidate_d100_delay_median_cap1_city_9df8d9895369c391,d612a94a822bad3632a693e1de6424c1175cb9dbb61b188df984f2fe52136268,25,0.9969477911646587,candidate_d200_delay_median_cap1_city_3fff755b42b72dbe,2714f20bbcbf1ed321005876daac59d463c8eefffc6856c4ab99c1152503ba8f,25,1.0,0.003052208835341297,0.7831325301204819
d100_delay_median_cap1,d200_delay_median_cap1,city_most_efficient,city,most_efficient,Staten Island,Prune,candidate_d100_delay_median_cap1_city_9df8d9895369c391,d612a94a822bad3632a693e1de6424c1175cb9dbb61b188df984f2fe52136268,25,0.1211227370868626,candidate_d200_delay_median_cap1_city_3fff755b42b72dbe,2714f20bbcbf1ed321005876daac59d463c8eefffc6856c4ab99c1152503ba8f,25,0.9996478990200963,0.8785251619332337,0.3766816143497757
d100_delay_median_cap1,d200_delay_median_cap1,city_most_efficient,city,most_efficient,Staten Island,Remove Tree,candidate_d100_delay_median_cap1_city_9df8d9895369c391,d612a94a822bad3632a693e1de6424c1175cb9dbb61b188df984f2fe52136268,25,0.9817034902337496,candidate_d200_delay_median_cap1_city_3fff755b42b72dbe,2714f20bbcbf1ed321005876daac59d463c8eefffc6856c4ab99c1152503ba8f,25,0.723669548511047,-0.25803394172270255,0.8146013448607109
d100_delay_median_cap1,d200_delay_median_cap1,city_most_efficient,city,most_efficient,Staten Island,Root/Sewer/Sidewalk,candidate_d100_delay_median_cap1_city_9df8d9895369c391,d612a94a822bad3632a693e1de6424c1175cb9dbb61b188df984f2fe52136268,25,0.17744264507422397,candidate_d200_delay_median_cap1_city_3fff755b42b72dbe,2714f20bbcbf1ed321005876daac59d463c8eefffc6856c4ab99c1152503ba8f,25,0.13607287449392708,-0.041369770580296894,0.6897773279352226
d100_delay_median_cap1,d200_delay_median_cap1,city_most_equitable,city,most_equitable,Bronx,Hazard,candidate_d100_delay_median_cap1_city_a429951251cca526,3852ac842b53163eb7bbac2005f8272aebe91754c390ec2e57a3deec0c756381,25,0.9197421731123389,candidate_d200_delay_median_cap1_city_9462be6213194348,3b56429726ed9784374fdde20ab777becef80eca1069b3c9e30e771f2cee35ea,25,0.996774533017627,0.07703235990528812,0.824388318863457
d100_delay_median_cap1,d200_delay_median_cap1,city_most_equitable,city,most_equitable,Bronx,Illegal Tree Damage,candidate_d100_delay_median_cap1_city_a429951251cca526,3852ac842b53163eb7bbac2005f8272aebe91754c390ec2e57a3deec0c756381,25,0.9878076609616951,candidate_d200_delay_median_cap1_city_9462be6213194348,3b56429726ed9784374fdde20ab777becef80eca1069b3c9e30e771f2cee35ea,25,1.0,0.012192339038304856,0.8092909535452323
d100_delay_median_cap1,d200_delay_median_cap1,city_most_equitable,city,most_equitable,Bronx,Other,candidate_d100_delay_median_cap1_city_a429951251cca526,3852ac842b53163eb7bbac2005f8272aebe91754c390ec2e57a3deec0c756381,25,1.0,candidate_d200_delay_median_cap1_city_9462be6213194348,3b56429726ed9784374fdde20ab777becef80eca1069b3c9e30e771f2cee35ea,25,1.0,0.0,0.9333333333333332
d100_delay_median_cap1,d200_delay_median_cap1,city_most_equitable,city,most_equitable,Bronx,Prune,candidate_d100_delay_median_cap1_city_a429951251cca526,3852ac842b53163eb7bbac2005f8272aebe91754c390ec2e57a3deec0c756381,25,0.1341195741195741,candidate_d200_delay_median_cap1_city_9462be6213194348,3b56429726ed9784374fdde20ab777becef80eca1069b3c9e30e771f2cee35ea,25,0.03287469287469282,-0.10124488124488126,0.8538083538083538
d100_delay_median_cap1,d200_delay_median_cap1,city_most_equitable,city,most_equitable,Bronx,Remove Tree,candidate_d100_delay_median_cap1_city_a429951251cca526,3852ac842b53163eb7bbac2005f8272aebe91754c390ec2e57a3deec0c756381,25,0.9918840579710145,candidate_d200_delay_median_cap1_city_9462be6213194348,3b56429726ed9784374fdde20ab777becef80eca1069b3c9e30e771f2cee35ea,25,0.9944655797101448,0.002581521739130288,0.9001358695652174
d100_delay_median_cap1,d200_delay_median_cap1,city_most_equitable,city,most_equitable,Bronx,Root/Sewer/Sidewalk,candidate_d100_delay_median_cap1_city_a429951251cca526,3852ac842b53163eb7bbac2005f8272aebe91754c390ec2e57a3deec0c756381,25,0.16295552367288377,candidate_d200_delay_median_cap1_city_9462be6213194348,3b56429726ed9784374fdde20ab777becef80eca1069b3c9e30e771f2cee35ea,25,0.04506934481109512,-0.11788617886178865,0.56025824964132
d100_delay_median_cap1,d200_delay_median_cap1,city_most_equitable,city,most_equitable,Brooklyn,Hazard,candidate_d100_delay_median_cap1_city_a429951251cca526,3852ac842b53163eb7bbac2005f8272aebe91754c390ec2e57a3deec0c756381,25,0.9307807289870069,candidate_d200_delay_median_cap1_city_9462be6213194348,3b56429726ed9784374fdde20ab777becef80eca1069b3c9e30e771f2cee35ea,25,0.8877804606952588,-0.04300026829174808,0.8565022421524664
d100_delay_median_cap1,d200_delay_median_cap1,city_most_equitable,city,most_equitable,Brooklyn,Illegal Tree Damage,candidate_d100_delay_median_cap1_city_a429951251cca526,3852ac842b53163eb7bbac2005f8272aebe91754c390ec2e57a3deec0c756381,25,0.9979944049924683,candidate_d200_delay_median_cap1_city_9462be6213194348,3b56429726ed9784374fdde20ab777becef80eca1069b3c9e30e771f2cee35ea,25,0.9974521196470841,-0.0005422853453841414,0.9122014202711428
d100_delay_median_cap1,d200_delay_median_cap1,city_most_equitable,city,most_equitable,Brooklyn,Other,candidate_d100_delay_median_cap1_city_a429951251cca526,3852ac842b53163eb7bbac2005f8272aebe91754c390ec2e57a3deec0c756381,25,0.9988321167883213,candidate_d200_delay_median_cap1_city_9462be6213194348,3b56429726ed9784374fdde20ab777becef80eca1069b3c9e30e771f2cee35ea,25,0.9994160583941606,0.0005839416058392999,0.7226277372262774
d100_delay_median_cap1,d200_delay_median_cap1,city_most_equitable,city,most_equitable,Brooklyn,Prune,candidate_d100_delay_median_cap1_city_a429951251cca526,3852ac842b53163eb7bbac2005f8272aebe91754c390ec2e57a3deec0c756381,25,0.10302872386624477,candidate_d200_delay_median_cap1_city_9462be6213194348,3b56429726ed9784374fdde20ab777becef80eca1069b3c9e30e771f2cee35ea,25,0.14685278243067182,0.043824058564427046,0.1714126186487995
d100_delay_median_cap1,d200_delay_median_cap1,city_most_equitable,city,most_equitable,Brooklyn,Remove Tree,candidate_d100_delay_median_cap1_city_a429951251cca526,3852ac842b53163eb7bbac2005f8272aebe91754c390ec2e57a3deec0c756381,25,0.9995904436860069,candidate_d200_delay_median_cap1_city_9462be6213194348,3b56429726ed9784374fdde20ab777becef80eca1069b3c9e30e771f2cee35ea,25,0.9101782328403489,-0.08941221084565798,0.9354379977246872
d100_delay_median_cap1,d200_delay_median_cap1,city_most_equitable,city,most_equitable,Brooklyn,Root/Sewer/Sidewalk,candidate_d100_delay_median_cap1_city_a429951251cca526,3852ac842b53163eb7bbac2005f8272aebe91754c390ec2e57a3deec0c756381,25,0.17566592850363805,candidate_d200_delay_median_cap1_city_9462be6213194348,3b56429726ed9784374fdde20ab777becef80eca1069b3c9e30e771f2cee35ea,25,0.025232521354001856,-0.15043340714963618,0.6567541917114837
d100_delay_median_cap1,d200_delay_median_cap1,city_most_equitable,city,most_equitable,Manhattan,Hazard,candidate_d100_delay_median_cap1_city_a429951251cca526,3852ac842b53163eb7bbac2005f8272aebe91754c390ec2e57a3deec0c756381,25,0.9834004764998917,candidate_d200_delay_median_cap1_city_9462be6213194348,3b56429726ed9784374fdde20ab777becef80eca1069b3c9e30e771f2cee35ea,25,0.9969850552306693,0.013584578730777563,0.7309941520467836
d100_delay_median_cap1,d200_delay_median_cap1,city_most_equitable,city,most_equitable,Manhattan,Illegal Tree Damage,candidate_d100_delay_median_cap1_city_a429951251cca526,3852ac842b53163eb7bbac2005f8272aebe91754c390ec2e57a3deec0c756381,25,0.9648849853617734,candidate_d200_delay_median_cap1_city_9462be6213194348,3b56429726ed9784374fdde20ab777becef80eca1069b3c9e30e771f2cee35ea,25,0.9928398159765789,0.027954830614805526,0.4993726474278545
d100_delay_median_cap1,d200_delay_median_cap1,city_most_equitable,city,most_equitable,Manhattan,Other,candidate_d100_delay_median_cap1_city_a429951251cca526,3852ac842b53163eb7bbac2005f8272aebe91754c390ec2e57a3deec0c756381,25,0.9884276729559748,candidate_d200_delay_median_cap1_city_9462be6213194348,3b56429726ed9784374fdde20ab777becef80eca1069b3c9e30e771f2cee35ea,25,0.9904402515723271,0.0020125786163522896,0.9245283018867924
d100_delay_median_cap1,d200_delay_median_cap1,city_most_equitable,city,most_equitable,Manhattan,Prune,candidate_d100_delay_median_cap1_city_a429951251cca526,3852ac842b53163eb7bbac2005f8272aebe91754c390ec2e57a3deec0c756381,25,0.17279451383786426,candidate_d200_delay_median_cap1_city_9462be6213194348,3b56429726ed9784374fdde20ab777becef80eca1069b3c9e30e771f2cee35ea,25,0.032143032084251726,-0.14065148175361253,0.861131520940485
d100_delay_median_cap1,d200_delay_median_cap1,city_most_equitable,city,most_equitable,Manhattan,Remove Tree,candidate_d100_delay_median_cap1_city_a429951251cca526,3852ac842b53163eb7bbac2005f8272aebe91754c390ec2e57a3deec0c756381,25,0.9983724569640063,candidate_d200_delay_median_cap1_city_9462be6213194348,3b56429726ed9784374fdde20ab777becef80eca1069b3c9e30e771f2cee35ea,25,0.9832327297116029,-0.015139727252403423,0.6284372904091214
d100_delay_median_cap1,d200_delay_median_cap1,city_most_equitable,city,most_equitable,Manhattan,Root/Sewer/Sidewalk,candidate_d100_delay_median_cap1_city_a429951251cca526,3852ac842b53163eb7bbac2005f8272aebe91754c390ec2e57a3deec0c756381,25,1.0,candidate_d200_delay_median_cap1_city_9462be6213194348,3b56429726ed9784374fdde20ab777becef80eca1069b3c9e30e771f2cee35ea,25,0.1227350427350427,-0.8772649572649573,0.1538461538461538
d100_delay_median_cap1,d200_delay_median_cap1,city_most_equitable,city,most_equitable,Queens,Hazard,candidate_d100_delay_median_cap1_city_a429951251cca526,3852ac842b53163eb7bbac2005f8272aebe91754c390ec2e57a3deec0c756381,25,0.9002990609486212,candidate_d200_delay_median_cap1_city_9462be6213194348,3b56429726ed9784374fdde20ab777becef80eca1069b3c9e30e771f2cee35ea,25,0.9885256295232969,0.0882265685746757,0.842275255697111
d100_delay_median_cap1,d200_delay_median_cap1,city_most_equitable,city,most_equitable,Queens,Illegal Tree Damage,candidate_d100_delay_median_cap1_city_a429951251cca526,3852ac842b53163eb7bbac2005f8272aebe91754c390ec2e57a3deec0c756381,25,0.9992022792022791,candidate_d200_delay_median_cap1_city_9462be6213194348,3b56429726ed9784374fdde20ab777becef80eca1069b3c9e30e771f2cee35ea,25,0.9985288785288785,-0.0006734006734006037,0.7257187257187258
d100_delay_median_cap1,d200_delay_median_cap1,city_most_equitable,city,most_equitable,Queens,Other,candidate_d100_delay_median_cap1_city_a429951251cca526,3852ac842b53163eb7bbac2005f8272aebe91754c390ec2e57a3deec0c756381,25,0.9963561076604555,candidate_d200_delay_median_cap1_city_9462be6213194348,3b56429726ed9784374fdde20ab777becef80eca1069b3c9e30e771f2cee35ea,25,0.9986749482401656,0.002318840579710102,0.8136645962732919
d100_delay_median_cap1,d200_delay_median_cap1,city_most_equitable,city,most_equitable,Queens,Prune,candidate_d100_delay_median_cap1_city_a429951251cca526,3852ac842b53163eb7bbac2005f8272aebe91754c390ec2e57a3deec0c756381,25,0.07000160333493663,candidate_d200_delay_median_cap1_city_9462be6213194348,3b56429726ed9784374fdde20ab777becef80eca1069b3c9e30e771f2cee35ea,25,0.014211960878627503,-0.05578964245630913,0.244668911335578
d100_delay_median_cap1,d200_delay_median_cap1,city_most_equitable,city,most_equitable,Queens,Remove Tree,candidate_d100_delay_median_cap1_city_a429951251cca526,3852ac842b53163eb7bbac2005f8272aebe91754c390ec2e57a3deec0c756381,25,0.9036176470588235,candidate_d200_delay_median_cap1_city_9462be6213194348,3b56429726ed9784374fdde20ab777becef80eca1069b3c9e30e771f2cee35ea,25,0.8948607843137255,-0.008756862745098015,0.84
d100_delay_median_cap1,d200_delay_median_cap1,city_most_equitable,city,most_equitable,Queens,Root/Sewer/Sidewalk,candidate_d100_delay_median_cap1_city_a429951251cca526,3852ac842b53163eb7bbac2005f8272aebe91754c390ec2e57a3deec0c756381,25,0.12256726884671083,candidate_d200_delay_median_cap1_city_9462be6213194348,3b56429726ed9784374fdde20ab777becef80eca1069b3c9e30e771f2cee35ea,25,0.022977361079350524,-0.0995899077673603,0.6391493254058999
d100_delay_median_cap1,d200_delay_median_cap1,city_most_equitable,city,most_equitable,Staten Island,Hazard,candidate_d100_delay_median_cap1_city_a429951251cca526,3852ac842b53163eb7bbac2005f8272aebe91754c390ec2e57a3deec0c756381,25,0.9917745879851142,candidate_d200_delay_median_cap1_city_9462be6213194348,3b56429726ed9784374fdde20ab777becef80eca1069b3c9e30e771f2cee35ea,25,0.9977288676236045,0.005954279638490267,0.6998405103668262
d100_delay_median_cap1,d200_delay_median_cap1,city_most_equitable,city,most_equitable,Staten Island,Illegal Tree Damage,candidate_d100_delay_median_cap1_city_a429951251cca526,3852ac842b53163eb7bbac2005f8272aebe91754c390ec2e57a3deec0c756381,25,0.9999595959595959,candidate_d200_delay_median_cap1_city_9462be6213194348,3b56429726ed9784374fdde20ab777becef80eca1069b3c9e30e771f2cee35ea,25,0.9962828282828283,-0.0036767676767676116,0.5121212121212121
d100_delay_median_cap1,d200_delay_median_cap1,city_most_equitable,city,most_equitable,Staten Island,Other,candidate_d100_delay_median_cap1_city_a429951251cca526,3852ac842b53163eb7bbac2005f8272aebe91754c390ec2e57a3deec0c756381,25,0.9971084337349397,candidate_d200_delay_median_cap1_city_9462be6213194348,3b56429726ed9784374fdde20ab777becef80eca1069b3c9e30e771f2cee35ea,25,0.995983935742972,-0.0011244979919677878,0.7831325301204819
d100_delay_median_cap1,d200_delay_median_cap1,city_most_equitable,city,most_equitable,Staten Island,Prune,candidate_d100_delay_median_cap1_city_a429951251cca526,3852ac842b53163eb7bbac2005f8272aebe91754c390ec2e57a3deec0c756381,25,0.12562032884902838,candidate_d200_delay_median_cap1_city_9462be6213194348,3b56429726ed9784374fdde20ab777becef80eca1069b3c9e30e771f2cee35ea,25,0.9944328184686928,0.8688124896196644,0.3766816143497757
d100_delay_median_cap1,d200_delay_median_cap1,city_most_equitable,city,most_equitable,Staten Island,Remove Tree,candidate_d100_delay_median_cap1_city_a429951251cca526,3852ac842b53163eb7bbac2005f8272aebe91754c390ec2e57a3deec0c756381,25,0.994069804674992,candidate_d200_delay_median_cap1_city_9462be6213194348,3b56429726ed9784374fdde20ab777becef80eca1069b3c9e30e771f2cee35ea,25,0.930022414345181,-0.064047390329811,0.8146013448607109
d100_delay_median_cap1,d200_delay_median_cap1,city_most_equitable,city,most_equitable,Staten Island,Root/Sewer/Sidewalk,candidate_d100_delay_median_cap1_city_a429951251cca526,3852ac842b53163eb7bbac2005f8272aebe91754c390ec2e57a3deec0c756381,25,0.17417004048582993,candidate_d200_delay_median_cap1_city_9462be6213194348,3b56429726ed9784374fdde20ab777becef80eca1069b3c9e30e771f2cee35ea,25,0.04080296896086365,-0.1333670715249663,0.6897773279352226
